Workbook

Sheet Resumen
A1: Informe de resultados y defectos · TrazaDoc
A2: ="Fuente de los resultados: "&IF(COUNTIF(Datos!$F$5:$F$66,"No ejecutado")=62,"Ciclo 1, entorno local (11 al 25 de octubre de 2026). Ciclo 2 en Azure pendiente.","Último resultado de cada caso (Ciclo 2 en Azure cuando ya se ejecutó).") -> Fuente de los resultados: Ciclo 1, entorno local (11 al 25 de octubre de 2026). Ciclo 2 en Azure pendiente.
A4: 1. Ejecución | B4: Valor
A5: Casos planeados | B5: =COUNTA(Datos!$A$5:$A$66) -> 62
A6: Casos ejecutados | B6: =B7+B8 -> 50
A7: Aprobados (PASS) | B7: =COUNTIF(Datos!$G$5:$G$66,"PASS") -> 45
A8: Fallidos (FAIL) | B8: =COUNTIF(Datos!$G$5:$G$66,"FAIL") -> 5
A9: Sin ejecutar | B9: =COUNTIF(Datos!$G$5:$G$66,"No ejecutado")+COUNTIF(Datos!$G$5:$G$66,"Bloqueado") -> 12
A10: % de ejecución | B10: =IF(B5=0,0,B6/B5) -> 0.80645161
A11: % de aprobación (PASS / ejecutados) | B11: =IF(B6=0,0,B7/B6) -> 0.9
A13: 2. Indicadores del OE4 | B13: Resultado | C13: Meta | D13: Estado
A14: Casos funcionales aprobados | B14: =COUNTIFS(Datos!$B$5:$B$66,"Funcional",Datos!$G$5:$G$66,"PASS")/COUNTIF(Datos!$B$5:$B$66,"Funcional") -> 0.78431373 | C14: 0.9 | D14: =IF(B14>=C14,"Cumple","No cumple") -> No cumple | E14: Meta: al menos 46 de 51 casos
A15: Detección de alteraciones (20 documentos) | B15: 1 | C15: 1 | D15: =IF(B15>=C15,"Cumple","No cumple") -> Cumple | E15: tests/integrity, 20/20 detectadas (25/10/2026)
A16: Falsos positivos (originales marcados como alterados) | B16: 0 | C16: 0 | D16: =IF(B16<=C16,"Cumple","No cumple") -> Cumple | E16: tests/integrity (25/10/2026)
A17: Latencia de verificación, percentil 95 (ms) | B17: 2040 | C17: 3000 | D17: =IF(B17<=C17,"Cumple","No cumple") -> Cumple | E17: tests/perf, ensayo del 15/10/2026
A19: 3. Defectos | B19: Total | C19: Abiertos | D19: Cerrados
A20: Crítica | B20: =COUNTIF(Defectos!$D$4:$D$40,"Crítica") -> 0 | C20: =B20-D20 -> 0 | D20: =COUNTIFS(Defectos!$D$4:$D$40,"Crítica",Defectos!$F$4:$F$40,"Cerrado") -> 0
A21: Alta | B21: =COUNTIF(Defectos!$D$4:$D$40,"Alta") -> 1 | C21: =B21-D21 -> 1 | D21: =COUNTIFS(Defectos!$D$4:$D$40,"Alta",Defectos!$F$4:$F$40,"Cerrado") -> 0
A22: Media | B22: =COUNTIF(Defectos!$D$4:$D$40,"Media") -> 3 | C22: =B22-D22 -> 3 | D22: =COUNTIFS(Defectos!$D$4:$D$40,"Media",Defectos!$F$4:$F$40,"Cerrado") -> 0
A23: Baja | B23: =COUNTIF(Defectos!$D$4:$D$40,"Baja") -> 2 | C23: =B23-D23 -> 2 | D23: =COUNTIFS(Defectos!$D$4:$D$40,"Baja",Defectos!$F$4:$F$40,"Cerrado") -> 0
A24: Total | B24: =SUM(B20:B23) -> 6 | C24: =SUM(C20:C23) -> 6 | D24: =SUM(D20:D23) -> 0
A26: 4. Resumen para el documento principal
A27: ="Se ejecutaron "&B6&" de "&B5&" casos de prueba ("&TEXT(B10,"0%")&"): "&B7&" aprobados y "&B8&" fallidos, para una tasa de aprobación de "&TEXT(B11,"0%")&"." -> Se ejecutaron 50 de 62 casos de prueba (81%): 45 aprobados y 5 fallidos, para una tasa de aprobación de 90%.
A28: ="Casos funcionales: "&TEXT(B14,"0%")&" aprobados frente a una meta de 90 % ("&D14&"). Integridad: "&TEXT(B15,"0%")&" de alteraciones detectadas con "&B16&" falsos positivos ("&D15&"). Latencia P95: "&B17&" ms frente a 3000 ms ("&D17&")." -> Casos funcionales: 78% aprobados frente a una meta de 90 % (No cumple). Integridad: 100% de alteraciones detectadas con 0 falsos positivos (Cumple). Latencia P95: 2040 ms frente a 3000 ms (Cumple).
A29: ="Se registraron "&B24&" defectos (críticos: "&B20&", altos: "&B21&", medios: "&B22&", bajos: "&B23&"); "&C24&" siguen abiertos. Ninguno impide registrar ni verificar documentos." -> Se registraron 6 defectos (críticos: 0, altos: 1, medios: 3, bajos: 2); 6 siguen abiertos. Ninguno impide registrar ni verificar documentos.
A30: =_xlfn._LONGTEXT("Los fallos se deben a dos requisitos aún sin implementar (aceptación de la política de datos y registro de intentos fallidos) y a un control de acceso de la API que deja ver datos de documentos ajenos. Las correcciones se priorizan por severidad y se vuel","ven a probar con regresión.") -> Los fallos se deben a dos requisitos aún sin implementar (aceptación de la política de datos y registro de intentos fallidos) y a un control de acceso de la API que deja ver datos de documentos ajenos. Las correcciones se priorizan por severidad y se vuelven a probar con regresión.

Sheet Resultados
A1: Resultados por módulo
A3: Módulo | B3: Casos | C3: PASS | D3: FAIL | E3: Sin ejecutar | F3: % PASS de ejecutados
A4: EP-01 Autenticación y control de acceso | B4: =COUNTIF(Datos!$C$5:$C$66,A4) -> 15 | C4: =COUNTIFS(Datos!$C$5:$C$66,A4,Datos!$G$5:$G$66,"PASS") -> 10 | D4: =COUNTIFS(Datos!$C$5:$C$66,A4,Datos!$G$5:$G$66,"FAIL") -> 4 | E4: =B4-C4-D4 -> 1 | F4: =IF(C4+D4=0,0,C4/(C4+D4)) -> 0.71428571
A5: EP-02 Registro y gestión documental (Empleado) | B5: =COUNTIF(Datos!$C$5:$C$66,A5) -> 10 | C5: =COUNTIFS(Datos!$C$5:$C$66,A5,Datos!$G$5:$G$66,"PASS") -> 9 | D5: =COUNTIFS(Datos!$C$5:$C$66,A5,Datos!$G$5:$G$66,"FAIL") -> 0 | E5: =B5-C5-D5 -> 1 | F5: =IF(C5+D5=0,0,C5/(C5+D5)) -> 1
A6: EP-03 Verificación de integridad documental (Verificador) | B6: =COUNTIF(Datos!$C$5:$C$66,A6) -> 14 | C6: =COUNTIFS(Datos!$C$5:$C$66,A6,Datos!$G$5:$G$66,"PASS") -> 12 | D6: =COUNTIFS(Datos!$C$5:$C$66,A6,Datos!$G$5:$G$66,"FAIL") -> 1 | E6: =B6-C6-D6 -> 1 | F6: =IF(C6+D6=0,0,C6/(C6+D6)) -> 0.92307692
A7: EP-04 Administración del sistema | B7: =COUNTIF(Datos!$C$5:$C$66,A7) -> 10 | C7: =COUNTIFS(Datos!$C$5:$C$66,A7,Datos!$G$5:$G$66,"PASS") -> 7 | D7: =COUNTIFS(Datos!$C$5:$C$66,A7,Datos!$G$5:$G$66,"FAIL") -> 0 | E7: =B7-C7-D7 -> 3 | F7: =IF(C7+D7=0,0,C7/(C7+D7)) -> 1
A8: EP-05 Infraestructura y despliegue | B8: =COUNTIF(Datos!$C$5:$C$66,A8) -> 2 | C8: =COUNTIFS(Datos!$C$5:$C$66,A8,Datos!$G$5:$G$66,"PASS") -> 2 | D8: =COUNTIFS(Datos!$C$5:$C$66,A8,Datos!$G$5:$G$66,"FAIL") -> 0 | E8: =B8-C8-D8 -> 0 | F8: =IF(C8+D8=0,0,C8/(C8+D8)) -> 1
A9: Transversal | B9: =COUNTIF(Datos!$C$5:$C$66,A9) -> 11 | C9: =COUNTIFS(Datos!$C$5:$C$66,A9,Datos!$G$5:$G$66,"PASS") -> 5 | D9: =COUNTIFS(Datos!$C$5:$C$66,A9,Datos!$G$5:$G$66,"FAIL") -> 0 | E9: =B9-C9-D9 -> 6 | F9: =IF(C9+D9=0,0,C9/(C9+D9)) -> 1
A10: Total | B10: =SUM(B4:B9) -> 62 | C10: =SUM(C4:C9) -> 45 | D10: =SUM(D4:D9) -> 5 | E10: =SUM(E4:E9) -> 12 | F10: =IF(C10+D10=0,0,C10/(C10+D10)) -> 0.9
A12: Casos fallidos
A13: Caso | B13: Descripción | F13: Defecto
A14: CP-11 | B14: Registro de intentos fallidos | F14: DEF-03
A15: CP-13 | B15: Política de datos en el primer ingreso | F15: DEF-04
A16: CP-14 | B16: Aceptación de la política | F16: DEF-04
A17: CP-15 | B17: Acceso sin aceptar la política | F17: DEF-04
A18: CP-29 | B18: Empleado sin acceso a la huella ajena | F18: DEF-06

Sheet Defectos
A1: Defectos y acciones correctivas
A3: ID | B3: Defecto | C3: Caso | D3: Severidad | E3: Prioridad | F3: Estado | G3: Acción correctiva | H3: Responsable
A4: DEF-01 | B4: La lista de contratos del Verificador no se actualiza después de verificar | C4: CP-35 | D4: Baja | E4: P3 Media | F4: Nuevo | G4: Recargar la lista de documentos después de cada verificación. | H4: Laura Sofia Diaz Suarez
A5: DEF-02 | B5: "Reenviar código" no envía un código nuevo | C5: CP-03 | D5: Media | E5: P2 Alta | F5: Nuevo | G5: Hacer que el botón vuelva a pedir el código al servidor. | H5: Laura Sofia Diaz Suarez
A6: DEF-03 | B6: No se registran los intentos fallidos de inicio de sesión | C6: CP-11 | D6: Media | E6: P2 Alta | F6: Nuevo | G6: Guardar cada intento fallido (correo, fecha, hora y motivo, sin la contraseña). | H6: Sofia Ortiz Daza
A7: DEF-04 | B7: No existe la aceptación de la política de tratamiento de datos | C7: CP-13 a CP-15 | D7: Alta | E7: P1 Urgente | F7: Nuevo | G7: Mostrar la política en el primer ingreso y guardar su aceptación con versión y fecha. | H7: Sofia y Laura
A8: DEF-05 | B8: Los estados se muestran en minúscula | C8: CP-22 | D8: Baja | E8: P4 Baja | F8: Nuevo | G8: Mostrar los estados con mayúscula inicial. | H8: Laura Sofia Diaz Suarez
A9: DEF-06 | B9: Un Empleado puede consultar los datos de un documento ajeno | C9: CP-29 | D9: Media | E9: P2 Alta | F9: Nuevo | G9: Negar el acceso (403) a documentos de otros empleados. | H9: Sofia Ortiz Daza

Sheet Datos
A1: Datos de ejecución (fuente de las fórmulas)
A2: Copiados de docs/Pruebas_QA_QC_TrazaDoc.xlsx (hoja Casos de prueba). Para actualizar tras el Ciclo 2, pegar en la columna F el estado del Ciclo 2.
A4: ID | B4: Tipo | C4: Épica | D4: Caso | E4: Estado ciclo 1 | F4: Estado ciclo 2 | G4: Último resultado
A5: CP-01 | B5: Funcional | C5: EP-01 Autenticación y control de acceso | D5: Inicio de sesión con credenciales válidas | E5: PASS | F5: No ejecutado | G5: =IF(F5="No ejecutado",E5,F5) -> PASS
A6: CP-02 | B6: Funcional | C6: EP-01 Autenticación y control de acceso | D6: Inicio de sesión con credenciales inválidas | E6: PASS | F6: No ejecutado | G6: =IF(F6="No ejecutado",E6,F6) -> PASS
A7: CP-03 | B7: Funcional | C7: EP-01 Autenticación y control de acceso | D7: Código de verificación válido | E7: PASS | F7: No ejecutado | G7: =IF(F7="No ejecutado",E7,F7) -> PASS
A8: CP-04 | B8: Funcional | C8: EP-01 Autenticación y control de acceso | D8: Acceso a un panel de otro rol | E8: No ejecutado | F8: No ejecutado | G8: =IF(F8="No ejecutado",E8,F8) -> No ejecutado
A9: CP-05 | B9: Funcional | C9: EP-01 Autenticación y control de acceso | D9: Cierre de sesión | E9: PASS | F9: No ejecutado | G9: =IF(F9="No ejecutado",E9,F9) -> PASS
A10: CP-06 | B10: Funcional | C10: EP-01 Autenticación y control de acceso | D10: Acceso después de cerrar sesión | E10: PASS | F10: No ejecutado | G10: =IF(F10="No ejecutado",E10,F10) -> PASS
A11: CP-07 | B11: Funcional | C11: EP-01 Autenticación y control de acceso | D11: Cambio de contraseña correcto | E11: PASS | F11: No ejecutado | G11: =IF(F11="No ejecutado",E11,F11) -> PASS
A12: CP-08 | B12: Funcional | C12: EP-01 Autenticación y control de acceso | D12: Cambio de contraseña con la actual errada | E12: PASS | F12: No ejecutado | G12: =IF(F12="No ejecutado",E12,F12) -> PASS
A13: CP-09 | B13: Funcional | C13: EP-01 Autenticación y control de acceso | D13: Bloqueo tras 5 intentos fallidos | E13: PASS | F13: No ejecutado | G13: =IF(F13="No ejecutado",E13,F13) -> PASS
A14: CP-10 | B14: Funcional | C14: EP-01 Autenticación y control de acceso | D14: Desbloqueo pasados 15 minutos | E14: PASS | F14: No ejecutado | G14: =IF(F14="No ejecutado",E14,F14) -> PASS
A15: CP-11 | B15: Funcional | C15: EP-01 Autenticación y control de acceso | D15: Registro de intentos fallidos | E15: FAIL | F15: No ejecutado | G15: =IF(F15="No ejecutado",E15,F15) -> FAIL
A16: CP-12 | B16: Funcional | C16: EP-01 Autenticación y control de acceso | D16: Cierre por inactividad | E16: PASS | F16: No ejecutado | G16: =IF(F16="No ejecutado",E16,F16) -> PASS
... A66: REN-02 | B66: Rendimiento | C66: Transversal | D66: Latencia de la escritura del hash | E66: PASS | F66: No ejecutado | G66: =IF(F66="No ejecutado",E66,F66) -> PASS
