Workbook
Name LST_CONFIRMACION: Listas!$H$7:$H$8
Name LST_ESTADO_HU: Listas!$L$7:$L$10
Name LST_ESTADO_REQ: Listas!$F$7:$F$11
Name LST_ID_HU: Historias_Usuario!$A$7:$A$107
Name LST_ID_RF: RF!$A$7:$A$107
Name LST_ID_RNF: RNF!$A$7:$A$107
Name LST_IMPORTANCIA: Listas!$E$7:$E$9
Name LST_MOSCOW: Listas!$D$7:$D$10
Name LST_PUNTOS: Listas!$I$7:$I$13
Name LST_RESULTADO: Listas!$K$7:$K$9
Name LST_SUBCARACTERISTICA: Listas!$A$7:$A$46
Name LST_TIPO_ESCENARIO: Listas!$J$7:$J$9
Name LST_VERIFICACION: Listas!$G$7:$G$10

Sheet Portada
B10: Plantilla de requisitos y de historias de usuario
B11: Especificación conforme a ISO/IEC/IEEE 29148:2018 · Atributos de calidad según ISO/IEC 25010:2023
B13: IDENTIFICACIÓN DEL PROYECTO
B14: Proyecto o sistema | C14: MVP de un sistema web para la verificación de integridad y trazabilidad documental en contratos laborales mediante blockchain permisionada
B15: Organización o cliente | C15: Empresa de servicios tecnológicos en Bogotá (caso de aplicación) / Universidad Católica de Colombia
B16: Equipo de trabajo | C16: Laura Sofia Diaz Suarez; Sofia Ortiz Daza
B17: Responsable de la especificación | C17: Laura Sofia Diaz Suarez; Sofia Ortiz Daza
B18: Versión del documento | C18: 2.0
B19: Fecha de la versión | C19: 46265
B21: CONTENIDO REGISTRADO EN EL LIBRO
B22: Requisitos funcionales | C22: =COUNTIF(RF!$A$7:$A$107,"?*") -> 53
B23: Requisitos no funcionales | C23: =COUNTIF(RNF!$A$7:$A$107,"?*") -> 30
B24: Historias de usuario | C24: =COUNTIF(Historias_Usuario!$A$7:$A$107,"?*") -> 21
B25: Escenarios de aceptación en Gherkin | C25: =COUNTIF(Criterios_Gherkin!$B$7:$B$206,"?*") -> 42
B27: Universidad Católica de Colombia · Facultad de Ingeniería · Ingeniería de Sistemas y Computación · Solangie Garavito

Sheet Instrucciones
A1: Instrucciones de uso
A2: Léelas antes de diligenciar. Las convenciones aplican a todas las hojas de captura.
B5: HOJAS DEL LIBRO
B6: Hoja | C6: Qué se registra allí | D6: Quién la usa
B7: Portada | C7: Datos del proyecto y conteo automático de lo ya capturado. | D7: Equipo, al iniciar y al cerrar cada entrega
B8: Instrucciones | C8: Convenciones de color, numeración de identificadores y criterios de calidad exigidos. | D8: Todo el equipo, antes de capturar
B9: RF | C9: Una fila por capacidad que el sistema debe ofrecer: flujo, reglas y criterios verificables. | D9: Analista de requisitos
B10: RNF | C10: Una fila por restricción de calidad, con la medida, el umbral y el método que la comprueba. | D10: Analista de requisitos y arquitecto
B11: Ficha_RF | C11: Vista de un requisito funcional en formato de una página, para imprimir o anexar. | D11: Quien prepara el informe
B12: Ficha_RNF | C12: Vista de un requisito no funcional en formato de una página, para imprimir o anexar. | D12: Quien prepara el informe
B13: Historias_Usuario | C13: Narrativa, trazabilidad hacia requisitos, estimación y verificación de INVEST y de terminado. | D13: Responsable del producto y equipo
B14: Criterios_Gherkin | C14: Un escenario por fila, asociado a la historia mediante su identificador. | D14: Equipo de desarrollo y pruebas
B15: Definición_Terminado | C15: Acuerdo sobre cuándo una historia se da por concluida y con qué evidencia se sustenta. | D15: Equipo completo, una sola vez
B16: Listas | C16: Catálogos que alimentan las listas desplegables; se amplían aquí, nunca dentro de la captura. | D16: Quien administra el libro
B18: CONVENCIONES DE COLOR
B19: Formato de la celda | C19: Qué significa | D19: Acción esperada
B20: Fondo blanco con borde | C20: Campo de captura libre. | D20: Escribe el contenido.
B21: Fondo gris | C21: Campo derivado de otra celda del libro. | D21: No escribas: se recalcula solo.
B22: Fondo ámbar | C22: Campo que gobierna lo que muestra el resto de la hoja. | D22: Elige un valor de la lista.
B24: NUMERACIÓN DE IDENTIFICADORES
B25: Elemento | C25: Patrón | D25: Regla
B26: Requisito funcional | C26: RF-001, RF-002, ... | D26: Consecutivo en la hoja RF; un identificador retirado no se reutiliza.
B27: Requisito no funcional | C27: RNF-001, RNF-002, ... | D27: Consecutivo en la hoja RNF; un identificador retirado no se reutiliza.
B28: Historia de usuario | C28: HU-001, HU-002, ... | D28: Consecutivo en el backlog, independiente del sprint en que se ejecute.
B29: Épica | C29: EP-01, EP-02, ... | D29: Agrupa historias que comparten un mismo objetivo de negocio.
B30: Escenario de aceptación | C30: CA-01, CA-02, ... | D30: Reinicia en cada historia; la pareja historia y escenario es única.
B31: Regla de negocio | C31: RN-01, RN-02, ... | D31: Se enuncia dentro del requisito funcional que la impone.
B33: CRITERIOS DE CALIDAD EXIGIDOS A CADA REQUISITO
B34: Característica | C34: Cómo se comprueba en la revisión | D34: Señal de incumplimiento
B35: Necesario | C35: Al retirarlo queda sin cubrir una necesidad declarada por una parte interesada. | D35: Nadie reclama su ausencia.
B36: Apropiado | C36: Corresponde al alcance del sistema especificado y no al de un componente interno. | D36: Impone una tecnología o un detalle de implementación.
B37: No ambiguo | C37: Dos lectores distintos extraen la misma conclusión sobre lo exigido. | D37: Aparecen adjetivos sin medida como rápido, amigable o robusto.
B38: Completo | C38: Se entiende sin consultar otro documento ni recordar una conversación previa. | D38: Requiere preguntar al autor para saber qué hace el sistema.
B39: Singular | C39: Enuncia una sola capacidad o restricción. | D39: Une varias exigencias con la conjunción y.
B40: Factible | C40: Es realizable con el costo, el plazo y la técnica disponibles, con riesgo aceptable. | D40: Nadie puede estimar su esfuerzo.
B41: Verificable | C41: Existe una prueba, un análisis, una inspección o una demostración que decide si se cumple. | D41: No se sabe qué evidencia lo daría por satisfecho.
B42: Correcto | C42: Refleja fielmente la necesidad de la que proviene. | D42: La parte interesada no se reconoce en el enunciado.
B43: Conforme | C43: Respeta la plantilla y el vocabulario acordados para el proyecto. | D43: Mezcla formatos o inventa términos propios.
B45: REFERENCIAS
B46: ISO/IEC/IEEE 29148:2018. Systems and software engineering. Life cycle processes. Requirements engineering.
B47: ISO/IEC 25010:2023. Systems and software Quality Requirements and Evaluation (SQuaRE). Product quality model.

Sheet RF
A1: Requisitos funcionales
A2: Una fila por requisito. Estructura tomada de la plantilla SRS conforme a ISO/IEC/IEEE 29148:2018.
A3: La fila 7 es un ejemplo: sobrescríbela o bórrala antes de entregar. Las columnas con lista desplegable solo aceptan valores del catálogo.
A5: IDENTIFICACIÓN | F5: 1. CONTEXTO Y JUSTIFICACIÓN | I5: 2. CLASIFICACIÓN | L5: 3. ESPECIFICACIÓN DETALLADA | Q5: 4. RELACIONES
A6: ID del requisito | B6: Título | C6: Versión | D6: Fecha de versión | E6: Autor | F6: Descripción general | G6: Fuente o parte interesada | H6: Justificación | I6: Prioridad (MoSCoW) | J6: Importancia | K6: Estado | L6: Precondiciones | M6: Disparador | N6: Flujo principal | O6: Reglas de negocio y validaciones | P6: Criterios de aceptación verificables | Q6: Dependencias | R6: Requisitos hijos | S6: Comentarios
A7: RF-001 | B7: Inicio de sesión | C7: 2.0 | D7: 46265 | E7: Laura Sofia Diaz Suarez; Sofia Ortiz Daza | F7: Permite al usuario iniciar sesión ingresando únicamente su correo electrónico corporativo y su contraseña, sin seleccionar previamente un rol. | G7: Área de TI - Seguridad de la información | H7: El rol deja de ser un dato ingresado por el usuario y pasa a ser un atributo de su cuenta, lo que habilita el control de acceso por rol (RBAC) exigido en RNF-03. | I7: Debe (Must) | J7: Alta | K7: Aprobado | L7: El usuario no tiene sesión activa. | M7: El usuario ingresa a la URL del sistema. | N7: 1. El sistema muestra el formulario de inicio de sesión con los campos correo electrónico y contraseña. 2. El usuario ingresa sus datos. 3. El sistema continúa con la validación de credenciales de RF-002. | O7: RN-01: El sistema no solicita ni acepta la selección de rol por parte del usuario. RN-02: Los roles válidos del sistema son Administrador, Empleado y Verificador. | P7: CA-01: Dado que el usuario está en la pantalla de inicio, cuando la visualiza, entonces el sistema muestra únicamente los campos de correo electrónico y contraseña, sin selector de rol. | Q7: Ninguna | R7: RF-002 | S7: Nota de cambio: se elimina la selección manual de rol; el rol se determina a partir de la cuenta del usuario.
A8: RF-002 | B8: Autenticación mediante credenciales | C8: 2.0 | D8: 46265 | E8: Laura Sofia Diaz Suarez; Sofia Ortiz Daza | F8: Solicita correo electrónico y contraseña corporativos como primer factor de autenticación. | G8: Área de TI - Seguridad de la información | H8: Es la base del control de acceso y se complementa con el segundo factor de RF-003, conforme a RNF-02. | I8: Debe (Must) | J8: Alta | K8: Aprobado | L8: El usuario visualiza el formulario de inicio de sesión (RF-001). | M8: El usuario visualiza el formulario de credenciales. | N8: 1. El sistema solicita correo electrónico y contraseña. 2. El usuario los ingresa y envía el formulario. 3. El sistema valida las credenciales contra el registro de usuarios y continúa con RF-003. | O8: RN-01: Las contraseñas se validan contra el hash almacenado (RNF-01), nunca en texto plano. | P8: CA-01: Dado credenciales válidas, cuando se envía el formulario, entonces el sistema solicita el token de segundo factor. CA-02: Dado credenciales inválidas, cuando se envía el formulario, entonces el sistema muestra un mensaje de error sin indicar cuál dato es incorrecto. | Q8: RF-001 | R8: RF-003
A9: RF-003 | B9: Autenticación de segundo factor | C9: 2.0 | D9: 46265 | E9: Laura Sofia Diaz Suarez; Sofia Ortiz Daza | F9: Envía un token de verificación al correo corporativo registrado del usuario como segundo factor. | G9: Área de TI - Seguridad de la información | H9: Refuerza la autenticación exigida por RNF-02 y reduce el riesgo de suplantación en el acceso a evidencia documental sensible. | I9: Debe (Must) | J9: Alta | K9: Aprobado | L9: Las credenciales ingresadas en RF-002 fueron validadas. | M9: El sistema valida correctamente correo electrónico y contraseña. | N9: 1. El sistema genera un token de un solo uso. 2. El sistema lo envía al correo corporativo registrado. 3. El sistema muestra el campo para ingresar el token. | O9: RN-01: El token tiene un tiempo de expiración definido y solo puede usarse una vez. | P9: CA-01: Dado que las credenciales son válidas, cuando el sistema las procesa, entonces envía el token al correo registrado del usuario en menos de un minuto. | Q9: RF-002 | R9: RF-004 | S9: Pendiente de validar el canal exclusivo de correo corporativo frente a alternativas (SMS, app autenticadora); ver nota en RNF-02.
A10: RF-004 | B10: Validación del token | C10: 2.0 | D10: 46265 | E10: Laura Sofia Diaz Suarez; Sofia Ortiz Daza | F10: Valida el token de segundo factor ingresado por el usuario antes de conceder acceso. | G10: Área de TI - Seguridad de la información | H10: Es el paso que cierra el ciclo de autenticación de doble factor exigido en RNF-02. | I10: Debe (Must) | J10: Alta | K10: Aprobado | L10: El token fue enviado (RF-003). | M10: El usuario ingresa el token recibido. | N10: 1. El usuario ingresa el token. 2. El sistema compara el token ingresado contra el generado. 3. Si coincide y no ha expirado, el sistema continúa con RF-005. | O10: RN-01: Un token expirado o incorrecto no concede acceso. RN-02: Se define un número máximo de intentos antes de bloquear temporalmente el proceso. | P10: CA-01: Dado un token correcto y vigente, cuando se valida, entonces el sistema concede acceso. CA-02: Dado un token incorrecto o expirado, cuando se valida, entonces el sistema deniega el acceso y lo informa al usuario. | Q10: RF-003 | R10: RF-005
A11: RF-005 | B11: Asignación de rol y control de acceso | C11: 2.0 | D11: 46265 | E11: Laura Sofia Diaz Suarez; Sofia Ortiz Daza | F11: Permite el acceso únicamente cuando credenciales y token son válidos, e identifica automáticamente el rol del usuario (Administrador, Empleado o Verificador) a partir de su cuenta. Cada usuario tiene un único rol asignado. | G11: Área de TI - Seguridad de la información | H11: Materializa el esquema RBAC exigido por RNF-03 al determinar el rol desde la cuenta del usuario y no desde un dato enviado por el cliente. | I11: Debe (Must) | J11: Alta | K11: Aprobado | L11: El token fue validado (RF-004). | M11: El sistema concluye la validación del token. | N11: 1. El sistema consulta el rol asignado al usuario en la base de datos. 2. Si el usuario está activo y tiene un rol válido, el sistema concede acceso con ese rol. 3. Si el usuario está inactivo o no tiene un rol válido, el sistema deniega el acceso. | O11: RN-01: Cada usuario tiene un único rol, asignado por el Administrador. RN-02: Un usuario sin rol válido o inactivo no puede acceder, aunque sus credenciales sean válidas. | P11: CA-01: Dado un usuario con credenciales y token válidos y rol Verificador, cuando el sistema valida el acceso, entonces lo concede con rol Verificador. CA-02: Dado un usuario inactivo o sin rol válido, cuando el sistema valida el acceso, entonces lo deniega y muestra un mensaje de error. | Q11: RF-004 | R11: RF-006
A12: RF-006 | B12: Redirección según rol | C12: 2.0 | D12: 46265 | E12: Laura Sofia Diaz Suarez; Sofia Ortiz Daza | F12: Muestra al usuario el panel principal y las funcionalidades correspondientes a su rol tras autenticarse. | G12: Área de TI / Usuarios finales de cada rol | H12: Garantiza que cada usuario solo visualice las funcionalidades autorizadas para su rol, en línea con RNF-08. | I12: Debería (Should) | J12: Media | K12: Aprobado | L12: El acceso fue concedido (RF-005). | M12: El sistema concede el acceso. | N12: 1. El sistema identifica el rol asignado a la cuenta del usuario autenticado. 2. El sistema redirige al panel correspondiente (Empleado, Verificador o Administrador). | O12: RN-01: El contenido del panel se limita a las funcionalidades habilitadas para el rol. | P12: CA-01: Dado un usuario con rol Empleado, cuando inicia sesión, entonces ve el panel de carga y consulta de documentos, sin las opciones administrativas. | Q12: RF-005 | R12: Ninguno
A13: RF-007 | B13: Cierre de sesión | C13: 2.0 | D13: 46265 | E13: Laura Sofia Diaz Suarez; Sofia Ortiz Daza | F13: Permite a cualquier usuario autenticado cerrar su sesión de forma segura. | G13: Área de TI - Seguridad de la información | H13: Complementa la gestión segura de sesiones exigida en RNF-07. | I13: Debe (Must) | J13: Alta | K13: Aprobado | L13: El usuario tiene una sesión activa. | M13: El usuario selecciona la opción Cerrar sesión. | N13: 1. El usuario selecciona cerrar sesión. 2. El sistema invalida el token de sesión activo. 3. El sistema redirige a la pantalla de inicio de sesión (RF-001). | O13: RN-01: Una sesión cerrada no puede reutilizarse para acceder a funcionalidades protegidas. | P13: CA-01: Dado que el usuario cierra sesión, cuando intenta acceder de nuevo a una funcionalidad protegida sin autenticarse, entonces el sistema lo redirige al inicio de sesión. | Q13: Ninguna | R13: Ninguno
A14: RF-008 | B14: Carga de documentos | C14: 2.0 | D14: 46265 | E14: Laura Sofia Diaz Suarez; Sofia Ortiz Daza | F14: Permite al usuario con rol Empleado cargar documentos contractuales en PDF para su registro y posterior verificación de integridad. | G14: Área de Gestión Humana / Empleado firmante | H14: Es la funcionalidad central del MVP: da inicio al proceso de generación de evidencia de integridad documental descrito en el alcance del proyecto. | I14: Debe (Must) | J14: Alta | K14: Aprobado | L14: El usuario está autenticado con rol Empleado. | M14: El empleado selecciona Cargar documento. | N14: 1. El sistema muestra el formulario de carga. 2. El empleado selecciona el archivo PDF. 3. El sistema ejecuta las validaciones de RF-009 a RF-012 antes de continuar con RF-013. | O14: RN-01: Solo un usuario con rol Empleado puede iniciar la carga. | P14: CA-01: Dado un archivo PDF válido, cuando el empleado lo carga, entonces el sistema inicia el proceso de registro. | Q14: RF-005 | R14: RF-009, RF-010, RF-011, RF-012
A15: RF-009 | B15: Restricción de formato | C15: 2.0 | D15: 46265 | E15: Laura Sofia Diaz Suarez; Sofia Ortiz Daza | F15: El sistema acepta exclusivamente archivos con formato PDF. | G15: Alcance técnico del proyecto (documentos contractuales en PDF) | H15: El alcance del MVP delimita la gestión documental exclusivamente a contratos laborales y acuerdos de confidencialidad en formato PDF. | I15: Debe (Must) | J15: Alta | K15: Aprobado | L15: El empleado seleccionó un archivo para cargar. | M15: El sistema recibe el archivo seleccionado. | N15: 1. El sistema verifica la extensión y el tipo MIME del archivo. 2. Si es PDF, continúa el proceso; si no, rechaza la carga. | O15: RN-01: Formatos distintos a PDF (DOCX, XML, imágenes) son rechazados, conforme a las limitaciones del proyecto. | P15: CA-01: Dado un archivo con extensión .docx, cuando se intenta cargar, entonces el sistema lo rechaza e informa el motivo. | Q15: RF-008 | R15: Ninguno | S15: Alineado con RNF-23 y con la limitación funcional del proyecto (solo PDF).
A16: RF-010 | B16: Restricción de carga individual | C16: 2.0 | D16: 46265 | E16: Laura Sofia Diaz Suarez; Sofia Ortiz Daza | F16: Permite la carga de un único documento por operación; no admite cargas masivas o por lotes. | G16: Alcance técnico del proyecto | H16: El MVP no contempla procesamiento masivo, conforme a las limitaciones definidas (sin pruebas de carga a escala empresarial). | I16: Debe (Must) | J16: Alta | K16: Aprobado | L16: El empleado accede al formulario de carga. | M16: El empleado intenta seleccionar archivos. | N16: 1. El formulario permite seleccionar un solo archivo. 2. Si el usuario intenta seleccionar más de uno, el sistema conserva solo el primero o muestra un aviso. | O16: RN-01: No se permite selección múltiple de archivos en el control de carga. | P16: CA-01: Dado que el empleado intenta seleccionar varios archivos a la vez, cuando confirma la selección, entonces el sistema le solicita elegir un único archivo. | Q16: RF-008 | R16: Ninguno
A17: RF-011 | B17: Restricción de tamaño | C17: 2.0 | D17: 46265 | E17: Laura Sofia Diaz Suarez; Sofia Ortiz Daza | F17: Acepta únicamente archivos PDF con tamaño igual o inferior a 20 MB. | G17: Decisión técnica del equipo de desarrollo (arquitectura y capacidad de procesamiento) | H17: Limita el consumo de recursos de hashing y de almacenamiento de metadatos, preservando el rendimiento definido en RNF-09 y RNF-10. | I17: Debe (Must) | J17: Alta | K17: Aprobado | L17: El archivo fue seleccionado y es formato PDF (RF-009). | M17: El sistema recibe el archivo para su validación. | N17: 1. El sistema mide el tamaño del archivo. 2. Si es ≤20 MB, continúa el proceso; si no, lo rechaza. | O17: RN-01: Archivos mayores a 20 MB no se procesan. | P17: CA-01: Dado un archivo PDF de 25 MB, cuando se intenta cargar, entonces el sistema lo rechaza e informa el límite permitido. | Q17: RF-009 | R17: Ninguno | S17: Corresponde al umbral definido en RNF-24; es una decisión de diseño del proyecto, no proviene de una norma externa.
A18: RF-012 | B18: Validación previa de documentos | C18: 2.0 | D18: 46265 | E18: Laura Sofia Diaz Suarez; Sofia Ortiz Daza | F18: Valida el formato y tamaño del archivo antes de iniciar su registro. | G18: Equipo de desarrollo | H18: Evita procesar documentos que no cumplen las restricciones del sistema antes de invertir recursos en el registro (RF-013 a RF-016). | I18: Debe (Must) | J18: Alta | K18: Aprobado | L18: El archivo fue seleccionado. | M18: El empleado confirma la carga del archivo. | N18: 1. El sistema ejecuta en conjunto las validaciones de formato (RF-009) y tamaño (RF-011). 2. Si ambas se cumplen, continúa con RF-013; si alguna falla, detiene el proceso y notifica el error. | O18: RN-01: El registro (RF-013) no inicia si alguna validación previa falla. | P18: CA-01: Dado un archivo que no cumple formato o tamaño, cuando se valida, entonces el sistema detiene el proceso antes de generar metadatos o huella. | Q18: RF-009, RF-011 | R18: RF-013
A19: RF-013 | B19: Registro del documento | C19: 2.0 | D19: 46265 | E19: Laura Sofia Diaz Suarez; Sofia Ortiz Daza | F19: Registra los metadatos asociados al documento cargado (identificador, nombre, usuario responsable y fecha de registro, como mínimo). | G19: Empleado / Área de Gestión Humana | H19: Provee la información operativa necesaria para la consulta (RF-018, RF-019) y la trazabilidad (RF-021, RF-022) del documento. | I19: Debe (Must) | J19: Alta | K19: Aprobado | L19: El archivo pasó las validaciones previas (RF-012). | M19: El sistema confirma que el archivo es válido. | N19: 1. El sistema genera un identificador único para el documento. 2. El sistema almacena en la base de datos no relacional el nombre, identificador, usuario responsable y fecha de registro. 3. El sistema continúa con RF-014. | O19: RN-01: El contenido del documento no se almacena en la blockchain (ver RNF-04); solo se conservan metadatos y huella criptográfica. | P19: CA-01: Dado un documento válido, cuando se registra, entonces el sistema le asigna un identificador único y guarda sus metadatos. | Q19: RF-012 | R19: RF-014
A20: RF-014 | B20: Generación de huella criptográfica | C20: 2.0 | D20: 46265 | E20: Laura Sofia Diaz Suarez; Sofia Ortiz Daza | F20: Genera automáticamente una huella criptográfica mediante SHA-256 a partir del contenido del documento cargado. | G20: Alcance técnico del proyecto | H20: El uso de SHA-256 está definido en el alcance técnico del proyecto y es el mecanismo central de verificación de integridad documental [34]. | I20: Debe (Must) | J20: Alta | K20: Aprobado | L20: El documento fue registrado (RF-013). | M20: El sistema concluye el registro de metadatos. | N20: 1. El sistema procesa el contenido binario del documento con el algoritmo SHA-256. 2. El sistema obtiene la huella digital de 256 bits. | O20: RN-01: La huella se genera sobre el contenido completo del documento, de forma automática, sin intervención manual (RNF-11). | P20: CA-01: Dado un documento registrado, cuando se genera su huella, entonces dos ejecuciones sobre el mismo contenido producen exactamente el mismo hash. | Q20: RF-013 | R20: RF-015 | S20: SHA-256 pertenece a la familia SHA-2 estandarizada por el NIST [34]; se eligió por ser el algoritmo utilizado internamente por Hyperledger Fabric [19].
A21: RF-015 | B21: Registro de la huella criptográfica | C21: 2.0 | D21: 46265 | E21: Laura Sofia Diaz Suarez; Sofia Ortiz Daza | F21: Registra la huella criptográfica generada como evidencia de integridad del documento. | G21: Alcance técnico del proyecto | H21: Provee la evidencia técnica verificable exigida por la Ley 527 de 1999 para sostener la integridad de un mensaje de datos [10]. | I21: Debe (Must) | J21: Alta | K21: Aprobado | L21: La huella fue generada (RF-014). | M21: El sistema obtiene el hash SHA-256 del documento. | N21: 1. El sistema asocia la huella al identificador del documento. 2. El sistema envía la huella al módulo de registro en blockchain (RF-016). | O21: RN-01: La huella registrada es la única evidencia de integridad reconocida por el sistema para comparaciones posteriores. | P21: CA-01: Dado que la huella fue generada, cuando se registra, entonces queda asociada de forma unívoca al identificador del documento. | Q21: RF-014 | R21: RF-016
A22: RF-016 | B22: Registro en blockchain | C22: 2.0 | D22: 46265 | E22: Laura Sofia Diaz Suarez; Sofia Ortiz Daza | F22: Registra en la red blockchain permisionada (Hyperledger Fabric) la huella criptográfica y los eventos asociados al documento, sin almacenar el archivo PDF directamente en la blockchain. | G22: Alcance técnico del proyecto | H22: Corresponde al modelo de persistencia híbrida definido en el proyecto: la blockchain conserva evidencia inmutable sin exponer el contenido del documento [19], [31]. | I22: Debe (Must) | J22: Alta | K22: Aprobado | L22: La huella fue registrada en el módulo documental (RF-015). | M22: El sistema envía la huella al chaincode. | N22: 1. El backend invoca al chaincode mediante el Fabric SDK. 2. El chaincode registra la huella y el evento registro en el ledger. 3. La red retorna un identificador de transacción (txID). | O22: RN-01: El chaincode nunca recibe ni almacena el archivo PDF, solo la huella y los metadatos del evento. RN-02: Toda transacción generada obtiene un txID único. | P22: CA-01: Dado que la huella fue enviada al chaincode, cuando se registra en el ledger, entonces el sistema recibe un txID válido. | Q22: RF-015 | R22: RF-017 | S22: Corresponde a RNF-04, RNF-05 y RNF-20.
A23: RF-017 | B23: Confirmación de registro | C23: 2.0 | D23: 46265 | E23: Laura Sofia Diaz Suarez; Sofia Ortiz Daza | F23: Informa al empleado cuando el documento fue registrado correctamente y su huella criptográfica fue generada. | G23: Empleado | H23: Brinda retroalimentación clara al usuario sobre el resultado de la operación, conforme a RNF-17. | I23: Debería (Should) | J23: Media | K23: Aprobado | L23: El registro en blockchain fue exitoso (RF-016). | M23: El sistema recibe el txID de confirmación del ledger. | N23: 1. El sistema recibe la confirmación del chaincode. 2. El sistema muestra al empleado un mensaje de éxito con el identificador del documento. | O23: RN-01: Si el registro en blockchain falla, el sistema no debe mostrar un mensaje de éxito. | P23: CA-01: Dado un registro exitoso, cuando concluye, entonces el empleado ve un mensaje de confirmación con el identificador del documento. | Q23: RF-016 | R23: Ninguno
A24: RF-018 | B24: Consulta de documentos | C24: 2.0 | D24: 46265 | E24: Laura Sofia Diaz Suarez; Sofia Ortiz Daza | F24: Permite al empleado consultar los documentos que ha registrado en la plataforma. | G24: Empleado | H24: Da visibilidad al empleado sobre el estado de sus propios documentos, sin necesidad de mecanismos externos de seguimiento. | I24: Debe (Must) | J24: Alta | K24: Aprobado | L24: El empleado está autenticado y tiene al menos un documento registrado. | M24: El empleado selecciona Mis documentos. | N24: 1. El sistema consulta los documentos cuyo usuario responsable es el empleado autenticado. 2. El sistema muestra el listado (RF-019). | O24: RN-01: El empleado solo visualiza documentos que él mismo registró. | P24: CA-01: Dado un empleado con documentos registrados, cuando consulta su listado, entonces solo ve los documentos que él cargó. | Q24: RF-013 | R24: RF-019, RF-020
A25: RF-019 | B25: Información del documento | C25: 2.0 | D25: 46265 | E25: Laura Sofia Diaz Suarez; Sofia Ortiz Daza | F25: Muestra, como mínimo, el nombre del documento, identificador, fecha de registro y estado actual. | G25: Empleado | H25: Provee la información mínima necesaria para identificar y dar seguimiento a cada documento. | I25: Debe (Must) | J25: Alta | K25: Aprobado | L25: El empleado consultó su listado de documentos (RF-018). | M25: El sistema muestra el listado de documentos. | N25: 1. El sistema recupera los metadatos de cada documento. 2. El sistema los presenta en una tabla con nombre, identificador, fecha de registro y estado. | O25: RN-01: Los campos mínimos mostrados son nombre, identificador, fecha de registro y estado. | P25: CA-01: Dado un documento registrado, cuando se lista, entonces se muestran los cuatro campos mínimos definidos. | Q25: RF-018 | R25: Ninguno
A26: RF-020 | B26: Estado del documento | C26: 2.0 | D26: 46265 | E26: Laura Sofia Diaz Suarez; Sofia Ortiz Daza | F26: Muestra para cada documento uno de los siguientes estados: Pendiente, Verificado o Alterado. | G26: Empleado / Verificador | H26: Da trazabilidad visual inmediata sobre el resultado de la verificación de integridad, sin requerir consultar directamente la blockchain. | I26: Debe (Must) | J26: Alta | K26: Aprobado | L26: El documento fue registrado (RF-013). | M26: El sistema muestra la información del documento (RF-019). | N26: 1. El sistema consulta el último resultado de verificación asociado al documento. 2. Si no existe verificación previa, el estado es Pendiente; si la última comparación coincidió, Verificado; si no coincidió, Alterado. | O26: RN-01: El estado solo puede tomar uno de los tres valores definidos. RN-02: El estado se actualiza automáticamente según RF-034. | P26: CA-01: Dado un documento sin verificaciones previas, cuando se consulta, entonces su estado es Pendiente. | Q26: RF-013, RF-034 | R26: Ninguno
A27: RF-021 | B27: Consulta de trazabilidad | C27: 2.0 | D27: 46265 | E27: Laura Sofia Diaz Suarez; Sofia Ortiz Daza | F27: Permite al empleado consultar el historial de acciones asociadas a sus documentos. | G27: Empleado | H27: Da al empleado visibilidad sobre lo ocurrido con sus documentos, reforzando la confianza en el sistema (RNF-06, RNF-26). | I27: Debe (Must) | J27: Alta | K27: Aprobado | L27: El empleado tiene al menos un documento registrado. | M27: El empleado selecciona Ver trazabilidad sobre un documento. | N27: 1. El sistema consulta en el ledger de Hyperledger Fabric los eventos asociados al documento. 2. El sistema presenta el historial (RF-022). | O27: RN-01: El empleado solo puede consultar la trazabilidad de los documentos que él registró. | P27: CA-01: Dado un documento con eventos registrados, cuando el empleado consulta su trazabilidad, entonces ve el historial completo de acciones sobre ese documento. | Q27: RF-018 | R27: RF-022
A28: RF-022 | B28: Información de trazabilidad | C28: 2.0 | D28: 46265 | E28: Laura Sofia Diaz Suarez; Sofia Ortiz Daza | F28: Muestra en la trazabilidad el documento asociado, la acción realizada, el usuario responsable, el identificador de transacción (txID) generado en Hyperledger Fabric, y la fecha y hora del evento. | G28: Empleado | H28: El campo txID se agrega para alinear el requerimiento con RNF-27, que exige conservar el identificador de transacción como evidencia de auditoría. | I28: Debe (Must) | J28: Alta | K28: Propuesto | L28: El empleado consultó la trazabilidad de un documento (RF-021). | M28: El sistema recupera los eventos del ledger. | N28: 1. El sistema recupera cada evento con sus atributos (documento, acción, usuario, txID, fecha y hora). 2. El sistema los presenta en orden cronológico. | O28: RN-01: El orden de los eventos siempre es cronológico y no puede alterarse desde la interfaz. | P28: CA-01: Dado un documento con tres eventos registrados, cuando se consulta su trazabilidad, entonces se listan los tres eventos en orden cronológico con los cinco campos definidos. | Q28: RF-021 | R28: Ninguno | S28: Nota de cambio (v2): se agrega el campo txID respecto a la v1, para dar cobertura a RNF-27.
A29: RF-023 | B29: Acceso al módulo de verificación | C29: 2.0 | D29: 46265 | E29: Laura Sofia Diaz Suarez; Sofia Ortiz Daza | F29: Permite al usuario con rol Verificador acceder al módulo de verificación de integridad documental. | G29: Área Jurídica y de Cumplimiento (rol Verificador) | H29: Habilita la funcionalidad central del rol Verificador, definida en el alcance funcional del proyecto. | I29: Debe (Must) | J29: Alta | K29: Aprobado | L29: El usuario está autenticado con rol Verificador. | M29: El verificador selecciona Verificar documento en su panel. | N29: 1. El sistema valida que el usuario tenga rol Verificador. 2. El sistema muestra el módulo de verificación. | O29: RN-01: Solo el rol Verificador y el rol Administrador pueden acceder a este módulo (ver RF-027). | P29: CA-01: Dado un usuario con rol Verificador autenticado, cuando accede al módulo, entonces el sistema le muestra la opción de seleccionar un documento a verificar. | Q29: RF-005 | R29: RF-024
A30: RF-024 | B30: Selección del documento registrado | C30: 2.0 | D30: 46265 | E30: Laura Sofia Diaz Suarez; Sofia Ortiz Daza | F30: Permite al verificador seleccionar un documento previamente registrado en el sistema para realizar su verificación. | G30: Verificador | H30: Es el primer paso del flujo de verificación de integridad documental. | I30: Debe (Must) | J30: Alta | K30: Aprobado | L30: El verificador accedió al módulo de verificación (RF-023). | M30: El verificador busca o selecciona un documento de la lista. | N30: 1. El sistema muestra los documentos registrados disponibles. 2. El verificador selecciona el documento a validar o ingresa su identificador. | O30: RN-01: Solo pueden seleccionarse documentos previamente registrados en el sistema. | P30: CA-01: Dado un documento registrado, cuando el verificador lo selecciona, entonces el sistema continúa con la validación de existencia (RF-025). | Q30: RF-023 | R30: RF-025
A31: RF-025 | B31: Validación de existencia | C31: 2.0 | D31: 46265 | E31: Laura Sofia Diaz Suarez; Sofia Ortiz Daza | F31: Consulta mediante el identificador del documento si este se encuentra previamente registrado en el sistema. | G31: Verificador | H31: Evita iniciar un proceso de verificación sobre un documento inexistente. | I31: Debe (Must) | J31: Alta | K31: Aprobado | L31: El verificador seleccionó o ingresó un identificador de documento (RF-024). | M31: El sistema recibe el identificador del documento. | N31: 1. El sistema busca el identificador en la base de datos de metadatos. 2. Si existe, continúa con RF-026; si no, muestra un mensaje de error. | O31: RN-01: Un identificador inexistente no puede continuar el flujo de verificación. | P31: CA-01: Dado un identificador que no existe, cuando se consulta, entonces el sistema informa que el documento no está registrado. | Q31: RF-024 | R31: RF-026
A32: RF-026 | B32: Consulta de huella registrada | C32: 2.0 | D32: 46265 | E32: Laura Sofia Diaz Suarez; Sofia Ortiz Daza | F32: Muestra al verificador la huella criptográfica registrada para el documento seleccionado. | G32: Verificador | H32: Es la evidencia base contra la cual se comparará la huella del documento a verificar. | I32: Debe (Must) | J32: Alta | K32: Aprobado | L32: El documento existe en el sistema (RF-025). | M32: El sistema confirma la existencia del documento. | N32: 1. El sistema recupera la huella registrada desde el ledger o desde el registro de metadatos. 2. El sistema la muestra al verificador conforme a RF-027. | O32: RN-01: La huella mostrada corresponde a la registrada en el momento del registro inicial (RF-015), no a una recalculada. | P32: CA-01: Dado un documento existente, cuando se consulta su huella, entonces el sistema muestra el hash SHA-256 registrado. | Q32: RF-025 | R32: RF-027
A33: RF-027 | B33: Restricción de visualización del hash | C33: 2.0 | D33: 46265 | E33: Laura Sofia Diaz Suarez; Sofia Ortiz Daza | F33: La huella criptográfica completa es visible únicamente para los usuarios autorizados, de acuerdo con las reglas de acceso definidas para el rol Verificador y Administrador. | G33: Área de TI - Seguridad de la información | H33: Limita la exposición de información sensible conforme a RNF-08, evitando que roles no autorizados (Empleado) vean la huella completa fuera de su propio documento. | I33: Debe (Must) | J33: Alta | K33: Aprobado | L33: La huella fue recuperada (RF-026). | M33: El sistema muestra el resultado de la consulta de huella. | N33: 1. El sistema valida el rol del usuario autenticado. 2. Si es Verificador o Administrador, muestra la huella completa; en otro caso, la oculta o restringe. | O33: RN-01: Solo los roles Verificador y Administrador visualizan la huella completa de cualquier documento. | P33: CA-01: Dado un usuario con rol Empleado, cuando intenta ver la huella completa de un documento ajeno, entonces el sistema le deniega el acceso. | Q33: RF-026 | R33: Ninguno
A34: RF-028 | B34: Carga del documento a verificar | C34: 2.0 | D34: 46265 | E34: Laura Sofia Diaz Suarez; Sofia Ortiz Daza | F34: Permite al verificador cargar el documento PDF que será comparado con la versión previamente registrada. | G34: Verificador | H34: Es el insumo necesario para generar la huella de comparación (RF-030). | I34: Debe (Must) | J34: Alta | K34: Aprobado | L34: La huella registrada fue consultada (RF-026). | M34: El verificador selecciona Cargar documento a comparar. | N34: 1. El sistema muestra el formulario de carga. 2. El verificador selecciona el archivo PDF. 3. El sistema ejecuta las validaciones de RF-029. | O34: RN-01: Solo se admite un archivo por operación de verificación (equivalente a RF-010). | P34: CA-01: Dado un archivo PDF cargado, cuando se envía, entonces el sistema inicia su validación. | Q34: RF-026 | R34: RF-029
A35: RF-029 | B35: Validación del documento de comparación | C35: 2.0 | D35: 46265 | E35: Laura Sofia Diaz Suarez; Sofia Ortiz Daza | F35: Verifica que el documento utilizado para la comparación cumpla con las restricciones de formato PDF y tamaño máximo de 20 MB. | G35: Verificador | H35: Aplica las mismas restricciones de RF-009 y RF-011 al documento de comparación, garantizando consistencia en el procesamiento. | I35: Debe (Must) | J35: Alta | K35: Aprobado | L35: El verificador cargó un archivo (RF-028). | M35: El sistema recibe el archivo cargado. | N35: 1. El sistema valida formato PDF. 2. El sistema valida tamaño ≤20 MB. 3. Si ambas validaciones pasan, continúa con RF-030. | O35: RN-01: Un archivo que no cumpla formato o tamaño detiene el proceso de verificación. | P35: CA-01: Dado un archivo de 30 MB, cuando se valida, entonces el sistema lo rechaza e informa el límite permitido. | Q35: RF-028 | R35: RF-030
A36: RF-030 | B36: Generación de hash del documento de comparación | C36: 2.0 | D36: 46265 | E36: Laura Sofia Diaz Suarez; Sofia Ortiz Daza | F36: Genera mediante SHA-256 la huella criptográfica del documento cargado para la verificación. | G36: Verificador | H36: Es el dato que se comparará contra la huella registrada (RF-031), aplicando el mismo algoritmo usado en el registro (RF-014). | I36: Debe (Must) | J36: Alta | K36: Aprobado | L36: El documento de comparación fue validado (RF-029). | M36: El sistema confirma que el archivo es válido. | N36: 1. El sistema procesa el contenido del archivo con SHA-256. 2. El sistema obtiene la huella del documento cargado. | O36: RN-01: La huella se calcula con el mismo algoritmo y parámetros utilizados en el registro original (RF-014). | P36: CA-01: Dado un documento de comparación válido, cuando se procesa, entonces el sistema obtiene su huella SHA-256. | Q36: RF-029 | R36: RF-031
A37: RF-031 | B37: Comparación de huellas | C37: 2.0 | D37: 46265 | E37: Laura Sofia Diaz Suarez; Sofia Ortiz Daza | F37: Permite al verificador ejecutar la comparación entre la huella criptográfica registrada y la huella generada a partir del documento cargado. | G37: Verificador | H37: Es la operación central de verificación de integridad documental del sistema. | I37: Debe (Must) | J37: Alta | K37: Aprobado | L37: Se cuenta con la huella registrada (RF-026) y la huella del documento cargado (RF-030). | M37: El verificador selecciona Comparar. | N37: 1. El sistema toma ambas huellas. 2. El sistema ejecuta la comparación byte a byte de los valores hash. 3. El sistema continúa con RF-032. | O37: RN-01: La comparación es exclusivamente entre los valores hash, nunca entre los contenidos de los archivos. | P37: CA-01: Dado dos huellas idénticas, cuando se comparan, entonces el resultado es coinciden. CA-02: Dado dos huellas distintas, cuando se comparan, entonces el resultado es no coinciden. | Q37: RF-026, RF-030 | R37: RF-032
A38: RF-032 | B38: Resultado de la verificación | C38: 2.0 | D38: 46265 | E38: Laura Sofia Diaz Suarez; Sofia Ortiz Daza | F38: Determina automáticamente el resultado de la comparación y muestra si la integridad del documento es confirmada o comprometida. | G38: Verificador | H38: Traduce el resultado técnico de la comparación (RF-031) en un mensaje comprensible para el usuario, conforme a RNF-15. | I38: Debe (Must) | J38: Alta | K38: Aprobado | L38: La comparación fue ejecutada (RF-031). | M38: El sistema concluye la comparación de huellas. | N38: 1. El sistema evalúa el resultado de la comparación. 2. Si las huellas coinciden, muestra Integridad confirmada; si no coinciden, muestra Integridad comprometida. | O38: RN-01: El resultado solo puede ser confirmada o comprometida, sin estados intermedios. | P38: CA-01: Dado un resultado de comparación positivo, cuando se muestra, entonces el mensaje indica integridad confirmada. | Q38: RF-031 | R38: RF-033, RF-034
A39: RF-033 | B39: Visualización de evidencia | C39: 2.0 | D39: 46265 | E39: Laura Sofia Diaz Suarez; Sofia Ortiz Daza | F39: Muestra al verificador la huella criptográfica original y la huella criptográfica obtenida del documento actual como evidencia del resultado de la comparación. | G39: Verificador | H39: Refuerza el valor probatorio del resultado al exhibir ambas evidencias, en línea con RNF-17. | I39: Debería (Should) | J39: Media | K39: Aprobado | L39: El resultado de la verificación fue determinado (RF-032). | M39: El sistema muestra el resultado de la verificación. | N39: 1. El sistema presenta lado a lado la huella original y la huella obtenida. 2. El verificador puede revisar ambos valores. | O39: RN-01: Ambas huellas se muestran completas cuando el usuario tiene el rol autorizado (RF-027). | P39: CA-01: Dado un resultado de verificación, cuando se visualiza, entonces se muestran ambas huellas comparadas. | Q39: RF-032 | R39: Ninguno
A40: RF-034 | B40: Actualización del estado | C40: 2.0 | D40: 46265 | E40: Laura Sofia Diaz Suarez; Sofia Ortiz Daza | F40: Actualiza automáticamente el estado del documento a Verificado cuando las huellas coincidan o a Alterado cuando las huellas sean diferentes. | G40: Verificador / Empleado | H40: Mantiene consistente el estado visible del documento (RF-020) con el resultado real de la última verificación. | I40: Debe (Must) | J40: Alta | K40: Aprobado | L40: El resultado de la verificación fue determinado (RF-032). | M40: El sistema concluye la evaluación del resultado. | N40: 1. El sistema toma el resultado de la comparación. 2. El sistema actualiza el campo estado del documento en la base de datos. | O40: RN-01: El estado se actualiza automáticamente; no puede modificarse manualmente por ningún rol. | P40: CA-01: Dado un resultado no coinciden, cuando se procesa, entonces el estado del documento cambia a Alterado. | Q40: RF-032 | R40: Ninguno
A41: RF-035 | B41: Registro de la verificación | C41: 2.0 | D41: 46265 | E41: Laura Sofia Diaz Suarez; Sofia Ortiz Daza | F41: Registra en la trazabilidad la acción de verificación, el usuario que la realizó, la fecha y hora, el identificador de transacción (txID) generado en Hyperledger Fabric, y el resultado obtenido. | G41: Verificador | H41: El campo txID se agrega por la misma razón indicada en RF-022, para dar soporte a RNF-27. | I41: Debe (Must) | J41: Alta | K41: Propuesto | L41: El estado del documento fue actualizado (RF-034). | M41: El sistema concluye la actualización de estado. | N41: 1. El sistema envía al chaincode el evento de verificación con su resultado. 2. El chaincode registra el evento en el ledger y retorna un txID. | O41: RN-01: Todo proceso de verificación genera un evento en el ledger, independientemente de su resultado. | P41: CA-01: Dado que una verificación concluyó, cuando se registra, entonces el ledger contiene el evento con su txID y resultado. | Q41: RF-034 | R41: RF-036 | S41: Nota de cambio (v2): se agrega el campo txID respecto a la v1.
A42: RF-036 | B42: Nueva verificación | C42: 2.0 | D42: 46265 | E42: Laura Sofia Diaz Suarez; Sofia Ortiz Daza | F42: Proporciona una opción denominada Nueva verificación que permite iniciar un nuevo proceso de verificación. | G42: Verificador | H42: Facilita la operación repetida del módulo sin necesidad de reiniciar sesión, mejorando la usabilidad (RNF-15). | I42: Debería (Should) | J42: Media | K42: Aprobado | L42: Una verificación fue registrada (RF-035). | M42: El verificador selecciona Nueva verificación. | N42: 1. El sistema limpia el formulario de verificación. 2. El sistema retorna al paso de selección de documento (RF-024). | O42: RN-01: No se conservan datos de la verificación anterior en el nuevo formulario. | P42: CA-01: Dado que el verificador selecciona Nueva verificación, cuando confirma, entonces el sistema muestra el formulario vacío de selección de documento. | Q42: RF-035 | R42: Ninguno
A43: RF-037 | B43: Consulta de documentos registrados | C43: 2.0 | D43: 46265 | E43: Laura Sofia Diaz Suarez; Sofia Ortiz Daza | F43: Permite al verificador consultar los documentos registrados en el sistema. | G43: Verificador | H43: Da al verificador visibilidad general para ubicar documentos a validar y dar seguimiento a su estado. | I43: Debe (Must) | J43: Alta | K43: Aprobado | L43: El verificador está autenticado. | M43: El verificador selecciona Documentos registrados. | N43: 1. El sistema consulta el conjunto de documentos registrados. 2. El sistema los presenta según RF-038. | O43: RN-01: El verificador puede consultar documentos registrados por cualquier empleado, a diferencia del alcance restringido del rol Empleado (RF-018). | P43: CA-01: Dado que el verificador accede al listado, cuando lo consulta, entonces ve todos los documentos registrados en el sistema. | Q43: RF-023 | R43: RF-038
A44: RF-038 | B44: Vista de documentos del verificador | C44: 2.0 | D44: 46265 | E44: Laura Sofia Diaz Suarez; Sofia Ortiz Daza | F44: Muestra al verificador, como mínimo, el nombre del documento, identificador, usuario responsable, fecha de registro, estado y huella criptográfica, de acuerdo con sus permisos de acceso. | G44: Verificador | H44: Provee la información necesaria para ubicar y auditar cualquier documento registrado en el sistema. | I44: Debe (Must) | J44: Alta | K44: Aprobado | L44: El verificador consultó el listado (RF-037). | M44: El sistema muestra el listado de documentos. | N44: 1. El sistema recupera los metadatos y la huella de cada documento. 2. El sistema los presenta en una tabla con los seis campos mínimos. | O44: RN-01: La huella se muestra completa solo si el usuario está autorizado (RF-027). | P44: CA-01: Dado un documento registrado, cuando se lista para el verificador, entonces se muestran los seis campos definidos. | Q44: RF-037, RF-027 | R44: Ninguno
A45: RF-039 | B45: Consulta de trazabilidad general | C45: 2.0 | D45: 46265 | E45: Laura Sofia Diaz Suarez; Sofia Ortiz Daza | F45: Permite al verificador consultar el historial completo de acciones registradas sobre los documentos. | G45: Verificador | H45: Habilita la auditoría documental completa exigida por RNF-26. | I45: Debe (Must) | J45: Alta | K45: Aprobado | L45: El verificador está autenticado. | M45: El verificador selecciona Trazabilidad general. | N45: 1. El sistema consulta en el ledger todos los eventos registrados. 2. El sistema los presenta según RF-040. | O45: RN-01: A diferencia del empleado (RF-021), el verificador puede consultar la trazabilidad de cualquier documento del sistema. | P45: CA-01: Dado que el verificador accede a la trazabilidad general, cuando la consulta, entonces ve los eventos de todos los documentos registrados. | Q45: RF-023 | R45: RF-040
A46: RF-040 | B46: Información de trazabilidad general | C46: 2.0 | D46: 46265 | E46: Laura Sofia Diaz Suarez; Sofia Ortiz Daza | F46: La trazabilidad general presenta como mínimo los campos Documento, Acción, Usuario, Identificador de transacción (txID), Fecha y Resultado. | G46: Verificador | H46: Se agrega el campo txID; los demás campos se mantienen igual a la v1, conforme a RNF-27. | I46: Debe (Must) | J46: Alta | K46: Propuesto | L46: El verificador consultó la trazabilidad general (RF-039). | M46: El sistema recupera los eventos del ledger. | N46: 1. El sistema recupera cada evento con sus seis atributos. 2. El sistema los presenta en una tabla ordenada cronológicamente. | O46: RN-01: El orden cronológico de los eventos no puede alterarse desde la interfaz. | P46: CA-01: Dado el conjunto de eventos del ledger, cuando se listan, entonces se muestran los seis campos definidos para cada evento. | Q46: RF-039 | R46: Ninguno | S46: Nota de cambio (v2): se agrega el campo txID respecto a la v1.
A47: RF-041 | B47: Panel general | C47: 2.0 | D47: 46265 | E47: Laura Sofia Diaz Suarez; Sofia Ortiz Daza | F47: Proporciona al Administrador un panel general con información consolidada sobre el estado de los documentos registrados. | G47: Área de TI / Administración de sistemas | H47: Da visibilidad ejecutiva sobre el uso y el estado del sistema, apoyando la supervisión operativa. | I47: Debería (Should) | J47: Media | K47: Aprobado | L47: El administrador está autenticado. | M47: El administrador inicia sesión. | N47: 1. El sistema consulta las métricas consolidadas de documentos. 2. El sistema las muestra en el panel principal (RF-042). | O47: RN-01: El panel se actualiza con datos vigentes cada vez que se consulta. | P47: CA-01: Dado que el administrador inicia sesión, cuando accede al panel, entonces ve el resumen documental consolidado. | Q47: RF-005 | R47: RF-042
A48: RF-042 | B48: Resumen documental | C48: 2.0 | D48: 46265 | E48: Laura Sofia Diaz Suarez; Sofia Ortiz Daza | F48: El panel general muestra como mínimo el número total de documentos registrados, documentos verificados, documentos pendientes y documentos alterados. | G48: Área de TI / Administración de sistemas | H48: Permite dimensionar rápidamente el estado global de la gestión documental sin recorrer cada documento individualmente. | I48: Debería (Should) | J48: Media | K48: Aprobado | L48: El administrador accedió al panel general (RF-041). | M48: El sistema construye el panel. | N48: 1. El sistema cuenta los documentos por cada estado (RF-020). 2. El sistema muestra los cuatro totales definidos. | O48: RN-01: Los totales deben corresponder exactamente a la suma de documentos en cada estado. | P48: CA-01: Dado un conjunto de documentos con distintos estados, cuando se calcula el resumen, entonces la suma de los totales por estado coincide con el total general. | Q48: RF-041, RF-020 | R48: Ninguno
A49: RF-043 | B49: Consulta de usuarios | C49: 2.0 | D49: 46265 | E49: Laura Sofia Diaz Suarez; Sofia Ortiz Daza | F49: Permite al Administrador consultar los usuarios registrados en la plataforma. | G49: Área de TI / Administración de sistemas | H49: Es la base para la gestión del ciclo de vida de usuarios exigida por el esquema RBAC de RNF-03. | I49: Debe (Must) | J49: Alta | K49: Aprobado | L49: El administrador está autenticado. | M49: El administrador selecciona Usuarios. | N49: 1. El sistema consulta el listado de usuarios registrados. 2. El sistema lo presenta según RF-044. | O49: RN-01: Solo el rol Administrador puede acceder al listado completo de usuarios. | P49: CA-01: Dado que el administrador accede al módulo de usuarios, cuando lo consulta, entonces ve el listado completo de usuarios registrados. | Q49: RF-005 | R49: RF-044 | S49: Amplía el detalle funcional textual del alcance del proyecto (2.6.1), que no menciona explícitamente la gestión de usuarios; se recomienda documentarlo en el capítulo de alcance final (ver hallazgo de verificación).
A50: RF-044 | B50: Información de usuarios | C50: 2.0 | D50: 46265 | E50: Laura Sofia Diaz Suarez; Sofia Ortiz Daza | F50: Muestra para cada usuario, como mínimo, su identificador, nombre, rol, correo electrónico y estado (Activo / Inactivo). | G50: Área de TI / Administración de sistemas | H50: Provee la información mínima para gestionar el ciclo de vida de cada usuario (creación, edición, desactivación). | I50: Debe (Must) | J50: Alta | K50: Aprobado | L50: El administrador consultó el listado de usuarios (RF-043). | M50: El sistema muestra el listado de usuarios. | N50: 1. El sistema recupera los atributos de cada usuario. 2. El sistema los presenta en una tabla con los cinco campos mínimos. | O50: RN-01: El estado de cada usuario solo puede ser Activo o Inactivo. | P50: CA-01: Dado un usuario registrado, cuando se lista, entonces se muestran los cinco campos definidos. | Q50: RF-043 | R50: Ninguno
A51: RF-045 | B51: Creación de usuarios | C51: 2.0 | D51: 46265 | E51: Laura Sofia Diaz Suarez; Sofia Ortiz Daza | F51: Permite al Administrador registrar nuevos usuarios en la plataforma. | G51: Área de TI / Administración de sistemas | H51: Es necesaria para incorporar empleados y verificadores al sistema conforme a los tres roles definidos (RF-005). | I51: Debe (Must) | J51: Alta | K51: Aprobado | L51: El administrador accedió al módulo de usuarios (RF-043). | M51: El administrador selecciona Crear usuario. | N51: 1. El sistema muestra el formulario de creación (nombre, correo, rol). 2. El administrador diligencia los datos y confirma. 3. El sistema crea el usuario en estado Activo. | O51: RN-01: El rol asignado al usuario debe ser uno de los tres roles predefinidos del sistema (Empleado, Verificador, Administrador). RN-02: El correo electrónico no puede repetirse entre usuarios. | P51: CA-01: Dado un correo ya registrado, cuando se intenta crear el usuario, entonces el sistema muestra un aviso de duplicidad. | Q51: RF-043 | R51: RF-046, RF-047
A52: RF-046 | B52: Edición de usuarios | C52: 2.0 | D52: 46265 | E52: Laura Sofia Diaz Suarez; Sofia Ortiz Daza | F52: Permite al Administrador modificar el nombre, correo electrónico y rol de los usuarios registrados. | G52: Área de TI / Administración de sistemas | H52: Permite mantener actualizada la información de los usuarios ante cambios organizacionales (por ejemplo, cambio de rol o de correo corporativo). | I52: Debería (Should) | J52: Media | K52: Aprobado | L52: El usuario a editar existe en el sistema (RF-044). | M52: El administrador selecciona Editar sobre un usuario. | N52: 1. El sistema muestra el formulario con los datos actuales. 2. El administrador modifica los campos permitidos. 3. El sistema guarda los cambios. | O52: RN-01: El rol modificado debe ser uno de los tres roles predefinidos del sistema (RN-01 de RF-045), para no contradecir el RBAC cerrado de RNF-03. | P52: CA-01: Dado un usuario existente, cuando el administrador modifica su rol, entonces el cambio se refleja en el siguiente inicio de sesión de ese usuario. | Q52: RF-045 | R52: Ninguno
A53: RF-047 | B53: Desactivación de usuarios | C53: 2.0 | D53: 46265 | E53: Laura Sofia Diaz Suarez; Sofia Ortiz Daza | F53: Permite al Administrador desactivar el acceso de un usuario registrado (baja lógica), sin eliminar físicamente su información ni afectar la trazabilidad histórica asociada a sus acciones previas. | G53: Área de TI / Administración de sistemas | H53: Requerimiento nuevo (v2). Complementa RF-045/RF-046 y da cobertura completa al ciclo de vida de usuarios exigido por el esquema RBAC de RNF-03. | I53: Debe (Must) | J53: Alta | K53: Propuesto | L53: El usuario a desactivar existe en el sistema (RF-044). | M53: El administrador selecciona Desactivar sobre un usuario. | N53: 1. El sistema solicita confirmación. 2. El administrador confirma. 3. El sistema cambia el estado del usuario a Inactivo, conservando su historial. | O53: RN-01: Un usuario inactivo no puede autenticarse (RF-005). RN-02: La baja es lógica; no se elimina el registro ni los eventos de trazabilidad previos asociados al usuario. | P53: CA-01: Dado un usuario activo con documentos previamente registrados, cuando se desactiva, entonces conserva su historial de trazabilidad y ya no puede iniciar sesión. | Q53: RF-045 | R53: Ninguno | S53: Nota de cambio (v2): requerimiento nuevo respecto a la v1.
A54: RF-048 | B54: Consulta administrativa de documentos | C54: 2.0 | D54: 46265 | E54: Laura Sofia Diaz Suarez; Sofia Ortiz Daza | F54: Permite al Administrador consultar los documentos registrados en el sistema. | G54: Área de TI / Administración de sistemas | H54: Da al administrador visibilidad completa para labores de supervisión y soporte del sistema. | I54: Debe (Must) | J54: Alta | K54: Aprobado | L54: El administrador está autenticado. | M54: El administrador selecciona Documentos. | N54: 1. El sistema consulta el conjunto completo de documentos registrados. 2. El sistema los presenta según RF-049. | O54: RN-01: El administrador puede consultar cualquier documento registrado en el sistema. | P54: CA-01: Dado que el administrador accede al listado, cuando lo consulta, entonces ve todos los documentos registrados. | Q54: RF-005 | R54: RF-049
A55: RF-049 | B55: Vista administrativa de documentos | C55: 2.0 | D55: 46265 | E55: Laura Sofia Diaz Suarez; Sofia Ortiz Daza | F55: Muestra al Administrador, como mínimo, el nombre del documento, identificador, usuario responsable, fecha de registro, estado y huella criptográfica, respetando las restricciones de privacidad definidas para la información. | G55: Área de TI / Administración de sistemas | H55: Equipara el nivel de información disponible para el administrador con el del verificador (RF-038), preservando las restricciones de privacidad de RNF-08. | I55: Debe (Must) | J55: Alta | K55: Aprobado | L55: El administrador consultó el listado (RF-048). | M55: El sistema muestra el listado de documentos. | N55: 1. El sistema recupera los metadatos y la huella de cada documento. 2. El sistema los presenta con los seis campos mínimos. | O55: RN-01: No se muestra el contenido del documento, solo sus metadatos y huella (RNF-04). | P55: CA-01: Dado un documento registrado, cuando se lista para el administrador, entonces se muestran los seis campos definidos, sin exponer el contenido del archivo. | Q55: RF-048 | R55: Ninguno
A56: RF-050 | B56: Consulta de trazabilidad administrativa | C56: 2.0 | D56: 46265 | E56: Laura Sofia Diaz Suarez; Sofia Ortiz Daza | F56: Permite al Administrador consultar el registro histórico de las acciones realizadas sobre los documentos. | G56: Área de TI / Administración de sistemas | H56: Habilita la auditoría completa del sistema desde una perspectiva administrativa, conforme a RNF-26. | I56: Debe (Must) | J56: Alta | K56: Aprobado | L56: El administrador está autenticado. | M56: El administrador selecciona Trazabilidad. | N56: 1. El sistema consulta en el ledger todos los eventos registrados. 2. El sistema los presenta según RF-051. | O56: RN-01: El administrador puede consultar la trazabilidad de cualquier documento del sistema. | P56: CA-01: Dado que el administrador accede a la trazabilidad, cuando la consulta, entonces ve los eventos de todos los documentos registrados. | Q56: RF-005 | R56: RF-051
A57: RF-051 | B57: Registro administrativo de trazabilidad | C57: 2.0 | D57: 46265 | E57: Laura Sofia Diaz Suarez; Sofia Ortiz Daza | F57: Presenta la trazabilidad mediante una tabla que contiene, como mínimo, el identificador del documento, acción realizada, usuario responsable, identificador de transacción (txID) generado en Hyperledger Fabric, fecha y hora, y resultado obtenido. | G57: Área de TI / Administración de sistemas | H57: Se agregan los campos txID y Resultado; este último iguala el nivel de información que ya recibía el rol Verificador en RF-040, evitando que el panel de Administrador mostrara menos datos que un rol de menor jerarquía. | I57: Debe (Must) | J57: Alta | K57: Propuesto | L57: El administrador consultó la trazabilidad (RF-050). | M57: El sistema recupera los eventos del ledger. | N57: 1. El sistema recupera cada evento con sus atributos. 2. El sistema los presenta en una tabla ordenada cronológicamente con los seis campos definidos. | O57: RN-01: El nivel de detalle mostrado al administrador debe ser igual o mayor al mostrado al verificador (RF-040). | P57: CA-01: Dado el conjunto de eventos del ledger, cuando se listan para el administrador, entonces se muestran los seis campos definidos, incluyendo txID y Resultado. | Q57: RF-050 | R57: Ninguno | S57: Nota de cambio (v2): se agregan los campos txID y Resultado respecto a la v1.
A58: RF-052 | B58: Cambio de contraseña | C58: 2.0 | D58: 46265 | E58: Laura Sofia Diaz Suarez; Sofia Ortiz Daza | F58: Permite a los usuarios autenticados cambiar su contraseña. | G58: Todos los roles (Empleado, Verificador, Administrador) | H58: Es una práctica básica de higiene de seguridad que complementa la protección de contraseñas exigida en RNF-01. | I58: Debería (Should) | J58: Media | K58: Aprobado | L58: El usuario tiene una sesión activa. | M58: El usuario selecciona Cambiar contraseña. | N58: 1. El sistema muestra el formulario de cambio de contraseña. 2. El usuario lo diligencia y confirma. 3. El sistema ejecuta las validaciones de RF-053. | O58: RN-01: La nueva contraseña debe cumplir los requisitos mínimos de complejidad definidos por el sistema. | P58: CA-01: Dado un usuario autenticado, cuando accede a la opción de cambio de contraseña, entonces el sistema muestra el formulario correspondiente. | Q58: RF-005 | R58: RF-053
A59: RF-053 | B59: Validación de cambio de contraseña | C59: 2.0 | D59: 46265 | E59: Laura Sofia Diaz Suarez; Sofia Ortiz Daza | F59: Solicita la contraseña actual y la nueva contraseña antes de realizar el cambio, validando que la operación sea realizada por el usuario autenticado. | G59: Todos los roles | H59: Evita que un tercero con sesión abierta cambie la contraseña sin conocer la contraseña vigente. | I59: Debería (Should) | J59: Media | K59: Aprobado | L59: El usuario accedió al formulario de cambio de contraseña (RF-052). | M59: El usuario envía el formulario con contraseña actual y nueva. | N59: 1. El sistema valida que la contraseña actual ingresada coincida con la almacenada. 2. Si coincide, el sistema aplica el hash a la nueva contraseña y la almacena (RNF-01). 3. El sistema confirma el cambio. | O59: RN-01: Si la contraseña actual ingresada no coincide, el sistema rechaza el cambio. | P59: CA-01: Dado que la contraseña actual ingresada es incorrecta, cuando se envía el formulario, entonces el sistema rechaza el cambio e informa el error. | Q59: RF-052 | R59: Ninguno | S59: No existe en el SRS un requerimiento de recuperación de contraseña olvidada (sin sesión activa); se recomienda evaluar si se incluye en el MVP o se documenta como limitación (ver hallazgo de verificación).

Sheet RNF
A1: Requisitos no funcionales
A2: Una fila por requisito. La característica de calidad se deriva de la subcaracterística elegida (ISO/IEC 25010:2023).
A3: La fila 7 es un ejemplo: sobrescríbela o bórrala antes de entregar. Sin métrica, unidad y umbral el requisito no es verificable.
A5: IDENTIFICACIÓN | F5: 1. CONTEXTO Y JUSTIFICACIÓN | I5: 2. CLASIFICACIÓN | N5: 3. ESPECIFICACIÓN DE LA MEDIDA | S5: 4. RELACIONES
A6: ID del requisito | B6: Título | C6: Versión | D6: Fecha de versión | E6: Autor | F6: Descripción general | G6: Fuente o parte interesada | H6: Justificación | I6: Característica ISO/IEC 25010:2023 | J6: Subcaracterística ISO/IEC 25010:2023 | K6: Prioridad (MoSCoW) | L6: Importancia | M6: Estado | N6: Métrica | O6: Unidad de medida | P6: Umbral de aceptación | Q6: Condición de medición | R6: Método de verificación | S6: Requisitos funcionales afectados | T6: Dependencias | U6: Comentarios
A7: RNF-001 | B7: Protección de contraseñas mediante hashing seguro | C7: 2.0 | D7: 46265 | E7: Laura Sofia Diaz Suarez; Sofia Ortiz Daza | F7: Las contraseñas se almacenan utilizando un mecanismo de hashing seguro con sal, nunca en texto plano. | G7: Área de TI - Seguridad de la información | H7: Previene la exposición de credenciales ante un acceso no autorizado a la base de datos, conforme a buenas prácticas de seguridad de la información referenciadas en el Anexo A de ISO/IEC 27001:2022 [23]. | I7: =IFERROR(INDEX(Listas!$B$7:$B$46,MATCH(J7,Listas!$A$7:$A$46,0)),"") -> Seguridad (security) | J7: Confidencialidad | K7: Debe (Must) | L7: Alta | M7: Aprobado | N7: Verificación binaria de que el campo de contraseña almacenado corresponde a un hash con sal (no a texto plano) | O7: Cumple / No cumple | P7: Cumple (100 % de las contraseñas almacenadas como hash con sal, mediante bcrypt) | Q7: Inspección de la base de datos de usuarios en el entorno de pruebas Docker | R7: Inspección | S7: RF-002, RF-045, RF-052, RF-053 | T7: Ninguna | U7: BCRYPT incorpora automáticamente sal y múltiples iteraciones, según se define en el glosario del proyecto.
A8: RNF-002 | B8: Autenticación de doble factor | C8: 2.0 | D8: 46265 | E8: Laura Sofia Diaz Suarez; Sofia Ortiz Daza | F8: El sistema implementa autenticación mediante credenciales y un segundo factor de verificación mediante token. | G8: Área de TI - Seguridad de la información | H8: Se mantiene sin cambios respecto a la v1, sujeta a la misma validación pendiente indicada en RF-003 sobre el canal exclusivo de token por correo, y se alinea con el Decreto 2364 de 2012, que reconoce la validez de mecanismos tecnológicos de autenticación como la firma electrónica [36]. | I8: =IFERROR(INDEX(Listas!$B$7:$B$46,MATCH(J8,Listas!$A$7:$A$46,0)),"") -> Seguridad (security) | J8: Autenticidad | K8: Debe (Must) | L8: Alta | M8: Propuesto | N8: Verificación de que el acceso requiere credenciales válidas y un token de segundo factor vigente | O8: Cumple / No cumple | P8: Cumple (100 % de los inicios de sesión exigen ambos factores) | Q8: Prueba funcional del flujo de autenticación (RF-002 a RF-005) en el entorno Docker de pruebas | R8: Prueba | S8: RF-002, RF-003, RF-004, RF-005 | T8: Ninguna | U8: Pendiente de validar con el tutor si el canal exclusivo de correo corporativo es suficiente o si se debe evaluar un canal alterno.
A9: RNF-003 | B9: Control de acceso basado en roles (RBAC) | C9: 2.0 | D9: 46265 | E9: Laura Sofia Diaz Suarez; Sofia Ortiz Daza | F9: El sistema aplica un esquema de control de acceso basado en roles, garantizando que cada usuario únicamente pueda acceder a las funcionalidades y datos autorizados para su rol. | G9: Área de TI - Seguridad de la información | H9: Es un control fundamental de acceso lógico alineado con el Anexo A de ISO/IEC 27001:2022, tomado como referencia de diseño en el proyecto [23]. | I9: =IFERROR(INDEX(Listas!$B$7:$B$46,MATCH(J9,Listas!$A$7:$A$46,0)),"") -> Seguridad (security) | J9: Confidencialidad | K9: Debe (Must) | L9: Alta | M9: Aprobado | N9: Porcentaje de intentos de acceso a funcionalidades no autorizadas para el rol que son bloqueados | O9: Porcentaje (%) | P9: 100 % de los intentos no autorizados bloqueados | Q9: Suite de pruebas funcionales de caja negra ejecutando los tres roles sobre los cinco módulos del sistema | R9: Prueba | S9: RF-005, RF-006, RF-023, RF-027, RF-041 a RF-051 | T9: RNF-002
A10: RNF-004 | B10: No almacenamiento del contenido documental en blockchain | C10: 2.0 | D10: 46265 | E10: Laura Sofia Diaz Suarez; Sofia Ortiz Daza | F10: El sistema no almacena el contenido de los contratos laborales ni acuerdos de confidencialidad directamente en la red blockchain. La blockchain almacena únicamente las huellas criptográficas y los eventos necesarios para la trazabilidad. | G10: Alcance técnico del proyecto | H10: Corresponde directamente al modelo de persistencia definido en el proyecto y responde a las exigencias de minimización de datos de la Ley 1581 de 2012 [9]. | I10: =IFERROR(INDEX(Listas!$B$7:$B$46,MATCH(J10,Listas!$A$7:$A$46,0)),"") -> Seguridad (security) | J10: Confidencialidad | K10: Debe (Must) | L10: Alta | M10: Aprobado | N10: Verificación de que ningún registro del ledger contiene el contenido binario o textual del documento | O10: Cumple / No cumple | P10: Cumple (0 documentos con contenido almacenado en el ledger) | Q10: Inspección del ledger de Hyperledger Fabric tras el registro de los 20 documentos sintéticos de prueba | R10: Inspección | S10: RF-013, RF-016 | T10: Ninguna
A11: RNF-005 | B11: Inmutabilidad de las huellas registradas | C11: 2.0 | D11: 46265 | E11: Laura Sofia Diaz Suarez; Sofia Ortiz Daza | F11: Las huellas criptográficas registradas en la blockchain se conservan de manera inmutable, de forma que no puedan ser modificadas mediante las operaciones normales del sistema. | G11: Alcance técnico del proyecto | H11: Es la propiedad central de la infraestructura blockchain permisionada, base de la validez probatoria exigida por la Ley 527 de 1999 [10]. La reciente jurisprudencia de la Corte Suprema de Justicia (Sentencia SP248-2025) confirma que la ausencia de un hash no invalida la evidencia digital, pero sí afecta su fuerza probatoria, lo que refuerza la importancia de este control [7]. | I11: =IFERROR(INDEX(Listas!$B$7:$B$46,MATCH(J11,Listas!$A$7:$A$46,0)),"") -> Seguridad (security) | J11: Integridad | K11: Debe (Must) | L11: Alta | M11: Aprobado | N11: Porcentaje de intentos de modificación de una huella ya registrada que son rechazados por el sistema | O11: Porcentaje (%) | P11: 100 % de los intentos de modificación rechazados | Q11: Pruebas de mutación documental sobre los 20 documentos sintéticos, intentando alterar registros ya confirmados en el ledger | R11: Prueba | S11: RF-016, RF-026 | T11: Ninguna
A12: RNF-006 | B12: Registro de operaciones relevantes | C12: 2.0 | D12: 46265 | E12: Laura Sofia Diaz Suarez; Sofia Ortiz Daza | F12: El sistema registra las operaciones relevantes realizadas sobre los documentos, incluyendo usuario, acción, fecha, hora y resultado cuando corresponda. | G12: Alcance técnico del proyecto | H12: Sustenta la trazabilidad documental exigida por el alcance del proyecto y por RNF-26. | I12: =IFERROR(INDEX(Listas!$B$7:$B$46,MATCH(J12,Listas!$A$7:$A$46,0)),"") -> Seguridad (security) | J12: Rendición de cuentas | K12: Debe (Must) | L12: Alta | M12: Aprobado | N12: Porcentaje de operaciones sobre documentos (registro, verificación) que generan un evento de trazabilidad | O12: Porcentaje (%) | P12: 100 % de las operaciones generan evento de trazabilidad | Q12: Prueba de trazabilidad e inmutabilidad, comparando las acciones ejecutadas contra el historial recuperado del ledger | R12: Prueba | S12: RF-016, RF-035 | T12: RNF-005
A13: RNF-007 | B13: Gestión segura de sesiones | C13: 2.0 | D13: 46265 | E13: Laura Sofia Diaz Suarez; Sofia Ortiz Daza | F13: El sistema gestiona las sesiones de usuario de manera segura e impide el acceso a funcionalidades protegidas una vez finalizada la sesión. | G13: Área de TI - Seguridad de la información | H13: Complementa el control de acceso (RNF-03) evitando el uso de sesiones expiradas o cerradas para acceder a información sensible. | I13: =IFERROR(INDEX(Listas!$B$7:$B$46,MATCH(J13,Listas!$A$7:$A$46,0)),"") -> Seguridad (security) | J13: Confidencialidad | K13: Debe (Must) | L13: Alta | M13: Aprobado | N13: Verificación de que una sesión cerrada o expirada no permite acceder a funcionalidades protegidas | O13: Cumple / No cumple | P13: Cumple (0 accesos exitosos con sesión cerrada o expirada) | Q13: Prueba funcional de caja negra sobre RF-007, cerrando sesión e intentando acceder a rutas protegidas | R13: Prueba | S13: RF-007 | T13: RNF-002
A14: RNF-008 | B14: Limitación de exposición de información documental | C14: 2.0 | D14: 46265 | E14: Laura Sofia Diaz Suarez; Sofia Ortiz Daza | F14: El sistema limita la exposición de información documental y de las huellas criptográficas de acuerdo con los permisos establecidos para cada rol. | G14: Área de TI - Seguridad de la información | H14: Da cumplimiento a los principios de finalidad y minimización de la Ley 1581 de 2012 [9] y a los lineamientos de la Circular Externa 005 de 2017 de la Superintendencia de Industria y Comercio [8], además del control A.8.24 del Anexo A de ISO/IEC 27001:2022 [23]. | I14: =IFERROR(INDEX(Listas!$B$7:$B$46,MATCH(J14,Listas!$A$7:$A$46,0)),"") -> Seguridad (security) | J14: Confidencialidad | K14: Debe (Must) | L14: Alta | M14: Aprobado | N14: Porcentaje de campos restringidos (huella completa, datos de otros usuarios) que no son visibles para roles no autorizados | O14: Porcentaje (%) | P14: 100 % de los campos restringidos ocultos para roles no autorizados | Q14: Prueba funcional de caja negra sobre RF-018, RF-027 y RF-038 con los tres roles | R14: Prueba | S14: RF-018, RF-027, RF-038, RF-049 | T14: RNF-003
A15: RNF-009 | B15: Tiempo de respuesta de las operaciones principales | C15: 2.0 | D15: 46265 | E15: Laura Sofia Diaz Suarez; Sofia Ortiz Daza | F15: El sistema responde a las operaciones principales de consulta y verificación en un tiempo adecuado para garantizar una interacción fluida con el usuario. | G15: Verificador / Empleado | H15: Sustenta la usabilidad general del sistema (RNF-15) y se detalla de forma cuantitativa en RNF-10 para la operación crítica de verificación. | I15: =IFERROR(INDEX(Listas!$B$7:$B$46,MATCH(J15,Listas!$A$7:$A$46,0)),"") -> Eficiencia de desempeño | J15: Comportamiento temporal | K15: Debería (Should) | L15: Media | M15: Aprobado | N15: Tiempo de respuesta percibido en las operaciones de consulta de documentos y trazabilidad | O15: Milisegundos (ms) | P15: Menor o igual a 3.000 ms | Q15: 50 peticiones consecutivas sobre el entorno Docker local de pruebas | R15: Prueba | S15: RF-018, RF-021, RF-037, RF-039 | T15: Ninguna | U15: Se alinea con el mismo umbral definido para RNF-10, tomado del KPI del proyecto (Tabla 1).
A16: RNF-010 | B16: Latencia de la verificación de integridad | C16: 2.0 | D16: 46265 | E16: Laura Sofia Diaz Suarez; Sofia Ortiz Daza | F16: La operación de verificación de integridad cumple como meta un percentil 95 de latencia igual o inferior a 3.000 ms en 50 peticiones consecutivas, de acuerdo con el KPI definido en el proyecto. | G16: KPI OE3 del proyecto (Tabla 1) | H16: Corresponde directamente al KPI Percentil 95 (P95) de latencia del endpoint de verificación definido para el objetivo específico de desarrollo del MVP. | I16: =IFERROR(INDEX(Listas!$B$7:$B$46,MATCH(J16,Listas!$A$7:$A$46,0)),"") -> Eficiencia de desempeño | J16: Comportamiento temporal | K16: Debe (Must) | L16: Alta | M16: Aprobado | N16: Percentil 95 (P95) de la latencia del endpoint de verificación (RF-031) | O16: Milisegundos (ms) | P16: P95 ≤ 3.000 ms | Q16: 50 peticiones consecutivas sobre el endpoint de verificación en el entorno Docker local | R16: Prueba | S16: RF-028 a RF-034 | T16: RNF-009
A17: RNF-011 | B17: Automatización del cálculo de huellas | C17: 2.0 | D17: 46265 | E17: Laura Sofia Diaz Suarez; Sofia Ortiz Daza | F17: La generación y comparación de las huellas SHA-256 se realiza de manera automática sin requerir intervención manual del usuario. | G17: Alcance técnico del proyecto | H17: Reduce el riesgo de error humano en el cálculo de la evidencia de integridad, reforzando la propiedad de efecto avalancha de SHA-256 [34]. | I17: =IFERROR(INDEX(Listas!$B$7:$B$46,MATCH(J17,Listas!$A$7:$A$46,0)),"") -> Eficiencia de desempeño | J17: Comportamiento temporal | K17: Debe (Must) | L17: Alta | M17: Aprobado | N17: Verificación de que el usuario no ejecuta ningún paso manual durante el cálculo o la comparación de huellas | O17: Cumple / No cumple | P17: Cumple (0 pasos manuales requeridos en el cálculo de huellas) | Q17: Revisión del flujo de RF-014 y RF-030 en el entorno de pruebas | R17: Inspección | S17: RF-014, RF-030 | T17: Ninguna
A18: RNF-012 | B18: Disponibilidad durante el periodo de pruebas | C18: 2.0 | D18: 46265 | E18: Laura Sofia Diaz Suarez; Sofia Ortiz Daza | F18: El sistema permanece disponible durante el periodo definido para las pruebas y validación del MVP. | G18: Alcance del proyecto (despliegue en Microsoft Azure) | H18: El despliegue en Azure se realiza durante un periodo de prueba de un mes; su disponibilidad es necesaria para ejecutar el plan de pruebas de software (PPS). | I18: =IFERROR(INDEX(Listas!$B$7:$B$46,MATCH(J18,Listas!$A$7:$A$46,0)),"") -> Fiabilidad | J18: Disponibilidad | K18: Debería (Should) | L18: Media | M18: Aprobado | N18: Porcentaje de tiempo en que el sistema responde correctamente durante el periodo de validación | O18: Porcentaje (%) | P18: Mayor o igual a 95 % durante el mes de pruebas | Q18: Monitoreo del entorno desplegado en la máquina virtual de Azure durante la fase 4 del proyecto | R18: Prueba | S18: Todos los módulos funcionales | T18: Ninguna | U18: No aplica para un entorno productivo; corresponde exclusivamente a la validación del MVP.
A19: RNF-013 | B19: Consistencia entre MongoDB y Hyperledger Fabric | C19: 2.0 | D19: 46265 | E19: Laura Sofia Diaz Suarez; Sofia Ortiz Daza | F19: La información registrada en la base de datos no relacional (MongoDB) y la evidencia almacenada en la red blockchain permisionada (Hyperledger Fabric) mantienen correspondencia respecto a los documentos, identificadores y eventos registrados. | G19: Alcance técnico del proyecto | H19: Se reemplaza el término genérico base de datos por base de datos no relacional (MongoDB) y se nombra explícitamente Hyperledger Fabric, para anclar el requerimiento al marco tecnológico definido en el proyecto. | I19: =IFERROR(INDEX(Listas!$B$7:$B$46,MATCH(J19,Listas!$A$7:$A$46,0)),"") -> Adecuación funcional | J19: Corrección funcional | K19: Debe (Must) | L19: Alta | M19: Propuesto | N19: Porcentaje de documentos cuyo identificador y huella coinciden entre MongoDB y el ledger de Hyperledger Fabric | O19: Porcentaje (%) | P19: 100 % de correspondencia | Q19: Comparación cruzada de los 20 documentos sintéticos entre la base de datos y el ledger, al cierre de las pruebas de integridad | R19: Prueba | S19: RF-013, RF-015, RF-016 | T19: Ninguna | U19: Nota de cambio (v2) respecto a la v1.
A20: RNF-014 | B20: Detección de alteraciones documentales | C20: 2.0 | D20: 46265 | E20: Laura Sofia Diaz Suarez; Sofia Ortiz Daza | F20: El sistema detecta las alteraciones realizadas sobre los documentos utilizados durante las pruebas de integridad. Como meta del proyecto, debe detectar el 100 % de las alteraciones realizadas sobre los 20 documentos definidos para la validación. | G20: KPI OE4 del proyecto (Tabla 1) | H20: Corresponde directamente al KPI Tasa de detección de alteraciones documentales y se respalda en los resultados reportados por Mier Bello et al., quienes lograron una tasa de detección del 100 % en un sistema análogo basado en blockchain [30]. | I20: =IFERROR(INDEX(Listas!$B$7:$B$46,MATCH(J20,Listas!$A$7:$A$46,0)),"") -> Adecuación funcional | J20: Corrección funcional | K20: Debe (Must) | L20: Alta | M20: Aprobado | N20: Tasa de detección de alteraciones sobre el conjunto de documentos sintéticos alterados | O20: Porcentaje (%) | P20: 100 % de los 20 documentos alterados detectados como no íntegros | Q20: Pruebas de mutación documental (cambios en texto, firmas y metadatos) sobre los 20 documentos sintéticos definidos en el plan de pruebas | R20: Prueba | S20: RF-031, RF-032, RF-034 | T20: RNF-005
A21: RNF-015 | B21: Usabilidad sin conocimientos especializados | C21: 2.0 | D21: 46265 | E21: Laura Sofia Diaz Suarez; Sofia Ortiz Daza | F21: La interfaz permite que los usuarios ejecuten las operaciones correspondientes a su rol de manera clara e intuitiva, sin requerir conocimientos especializados sobre blockchain o criptografía. | G21: Empleado / Verificador / Administrador | H21: El sistema está dirigido a personal administrativo y jurídico sin formación técnica en blockchain, por lo que la interfaz debe abstraer la complejidad subyacente. | I21: =IFERROR(INDEX(Listas!$B$7:$B$46,MATCH(J21,Listas!$A$7:$A$46,0)),"") -> Capacidad de interacción | J21: Operabilidad | K21: Debería (Should) | L21: Media | M21: Aprobado | N21: Porcentaje de tareas principales (carga, verificación, consulta) completadas sin asistencia por usuarios de prueba | O21: Porcentaje (%) | P21: Mayor o igual a 90 % de tareas completadas sin asistencia | Q21: Prueba de usabilidad con usuarios representativos de cada rol sobre el prototipo de alta fidelidad | R21: Demostración | S21: RF-008, RF-024, RF-031 | T21: Ninguna
A22: RNF-016 | B22: Consistencia visual y de navegación | C22: 2.0 | D22: 46265 | E22: Laura Sofia Diaz Suarez; Sofia Ortiz Daza | F22: El sistema mantiene una estructura visual y de navegación consistente entre los diferentes módulos. | G22: Equipo de diseño UX/UI | H22: Reduce la curva de aprendizaje entre módulos y refuerza la usabilidad general del sistema (RNF-15). | I22: =IFERROR(INDEX(Listas!$B$7:$B$46,MATCH(J22,Listas!$A$7:$A$46,0)),"") -> Capacidad de interacción | J22: Reconocibilidad de la adecuación | K22: Podría (Could) | L22: Baja | M22: Aprobado | N22: Verificación de que los componentes de navegación y estilo se reutilizan entre los módulos de Empleado, Verificador y Administrador | O22: Cumple / No cumple | P22: Cumple (mismo sistema de diseño aplicado en los tres paneles) | Q22: Revisión de los prototipos de Figma frente a la interfaz implementada | R22: Inspección | S22: RF-006 | T22: Ninguna
A23: RNF-017 | B23: Retroalimentación sobre el resultado de las operaciones | C23: 2.0 | D23: 46265 | E23: Laura Sofia Diaz Suarez; Sofia Ortiz Daza | F23: El sistema informa claramente al usuario sobre el resultado de las operaciones realizadas, incluyendo cargas exitosas, errores de validación, resultados de verificación y cambios de estado. | G23: Empleado / Verificador | H23: Es necesaria para que el usuario confíe en el resultado de operaciones críticas como la verificación de integridad (RF-032). | I23: =IFERROR(INDEX(Listas!$B$7:$B$46,MATCH(J23,Listas!$A$7:$A$46,0)),"") -> Capacidad de interacción | J23: Operabilidad | K23: Debería (Should) | L23: Media | M23: Aprobado | N23: Porcentaje de operaciones principales que muestran un mensaje de resultado al usuario | O23: Porcentaje (%) | P23: 100 % de las operaciones principales muestran retroalimentación | Q23: Prueba funcional de caja negra sobre los cinco módulos del sistema | R23: Prueba | S23: RF-017, RF-032, RF-033 | T23: Ninguna
A24: RNF-018 | B24: Claridad de los mensajes de error | C24: 2.0 | D24: 46265 | E24: Laura Sofia Diaz Suarez; Sofia Ortiz Daza | F24: Los mensajes de error son claros e indican al usuario la causa del problema y, cuando sea posible, la acción requerida para solucionarlo. | G24: Empleado / Verificador / Administrador | H24: Complementa RNF-17 evitando que el usuario deba interpretar códigos de error técnicos. | I24: =IFERROR(INDEX(Listas!$B$7:$B$46,MATCH(J24,Listas!$A$7:$A$46,0)),"") -> Capacidad de interacción | J24: Protección frente a errores de usuario | K24: Podría (Could) | L24: Baja | M24: Aprobado | N24: Porcentaje de mensajes de error que incluyen causa y acción sugerida | O24: Porcentaje (%) | P24: 100 % de los mensajes de error revisados cumplen el formato definido | Q24: Revisión de catálogo de mensajes de error frente a los casos de prueba de validación (RF-009, RF-011, RF-025) | R24: Inspección | S24: RF-009, RF-011, RF-025 | T24: RNF-017
A25: RNF-019 | B25: Separación de responsabilidades por capas | C25: 2.0 | D25: 46265 | E25: Laura Sofia Diaz Suarez; Sofia Ortiz Daza | F25: El sistema implementa una arquitectura modular que permite separar las responsabilidades de presentación, lógica de aplicación, integración con blockchain y persistencia. | G25: Equipo de arquitectura del proyecto | H25: Corresponde al diseño de capas (Presentación, Aplicación, Blockchain, Persistencia) definido en la fase de diseño de arquitectura del proyecto. | I25: =IFERROR(INDEX(Listas!$B$7:$B$46,MATCH(J25,Listas!$A$7:$A$46,0)),"") -> Mantenibilidad | J25: Modularidad | K25: Debe (Must) | L25: Alta | M25: Aprobado | N25: Verificación de que cada capa se implementa en un componente independiente y documentado en el diagrama de arquitectura | O25: Cumple / No cumple | P25: Cumple (4 de 4 capas separadas y documentadas) | Q25: Revisión de los diagramas UML de componentes frente a la implementación | R25: Inspección | S25: Todos los módulos funcionales | T25: Ninguna
A26: RNF-020 | B26: Integración indirecta con Hyperledger Fabric | C26: 2.0 | D26: 46265 | E26: Laura Sofia Diaz Suarez; Sofia Ortiz Daza | F26: La comunicación entre el sistema web y Hyperledger Fabric se realiza mediante el backend, evitando que el frontend interactúe directamente con la infraestructura blockchain. | G26: Equipo de arquitectura del proyecto | H26: Esta separación está contemplada en la arquitectura propuesta en el documento y sigue el patrón de uso del Fabric SDK descrito por la documentación oficial de Hyperledger Fabric [19]. | I26: =IFERROR(INDEX(Listas!$B$7:$B$46,MATCH(J26,Listas!$A$7:$A$46,0)),"") -> Mantenibilidad | J26: Modularidad | K26: Debe (Must) | L26: Alta | M26: Aprobado | N26: Verificación de que ninguna llamada del frontend se dirige directamente a los nodos de la red blockchain | O26: Cumple / No cumple | P26: Cumple (0 llamadas directas del frontend a la red Hyperledger Fabric) | Q26: Inspección del código fuente y de las trazas de red del frontend durante las pruebas funcionales | R26: Inspección | S26: RF-016, RF-026, RF-031 | T26: RNF-019
A27: RNF-021 | B27: Despliegue mediante contenedores Docker | C27: 2.0 | D27: 46265 | E27: Laura Sofia Diaz Suarez; Sofia Ortiz Daza | F27: Los componentes de la solución pueden ejecutarse mediante contenedores Docker y Docker Compose, de acuerdo con la arquitectura de despliegue definida para el MVP. | G27: Equipo de arquitectura del proyecto | H27: Es el mecanismo de contención y orquestación definido en el alcance técnico del proyecto para el entorno de prueba de un mes en Azure. | I27: =IFERROR(INDEX(Listas!$B$7:$B$46,MATCH(J27,Listas!$A$7:$A$46,0)),"") -> Flexibilidad | J27: Capacidad de instalación | K27: Debe (Must) | L27: Alta | M27: Aprobado | N27: Porcentaje de componentes del sistema (frontend, backend, chaincode, red Hyperledger Fabric, MongoDB) desplegados como contenedores Docker | O27: Porcentaje (%) | P27: 100 % de los componentes contenerizados | Q27: Revisión del archivo docker-compose.yml y verificación de arranque completo del entorno | R27: Demostración | S27: Todos los módulos funcionales | T27: RNF-019
A28: RNF-022 | B28: Extensibilidad de la arquitectura | C28: 2.0 | D28: 46265 | E28: Laura Sofia Diaz Suarez; Sofia Ortiz Daza | F28: La arquitectura permite la incorporación futura de nuevos módulos o funcionalidades sin requerir una modificación completa de los componentes existentes. | G28: Equipo de arquitectura del proyecto | H28: Da continuidad al proyecto más allá del MVP, permitiendo evoluciones futuras sin rediseño total del sistema, dentro de las limitaciones declaradas (no se evalúa escalabilidad de producción). | I28: =IFERROR(INDEX(Listas!$B$7:$B$46,MATCH(J28,Listas!$A$7:$A$46,0)),"") -> Mantenibilidad | J28: Modificabilidad | K28: Podría (Could) | L28: Baja | M28: Aprobado | N28: Verificación cualitativa, mediante revisión arquitectónica, de que un nuevo módulo puede incorporarse sin modificar los módulos existentes | O28: Cumple / No cumple | P28: Cumple (revisión arquitectónica sin observaciones críticas) | Q28: Revisión de arquitectura con el director del proyecto (hito de Fase 2) | R28: Análisis | S28: Ninguno directamente | T28: RNF-019
A29: RNF-023 | B29: Compatibilidad exclusiva con PDF | C29: 2.0 | D29: 46265 | E29: Laura Sofia Diaz Suarez; Sofia Ortiz Daza | F29: El sistema es compatible exclusivamente con documentos en formato PDF dentro del alcance definido para el MVP. | G29: Alcance y limitaciones del proyecto | H29: Corresponde a la limitación funcional del proyecto, que excluye otros formatos como DOCX, XML o imágenes. | I29: =IFERROR(INDEX(Listas!$B$7:$B$46,MATCH(J29,Listas!$A$7:$A$46,0)),"") -> Compatibilidad | J29: Interoperabilidad | K29: Debe (Must) | L29: Alta | M29: Aprobado | N29: Porcentaje de formatos distintos a PDF rechazados por el sistema | O29: Porcentaje (%) | P29: 100 % de los formatos no PDF rechazados | Q29: Prueba funcional de carga con archivos en formatos DOCX, XML e imágenes | R29: Prueba | S29: RF-009, RF-029 | T29: Ninguna
A30: RNF-024 | B30: Límite de tamaño de archivo | C30: 2.0 | D30: 46265 | E30: Laura Sofia Diaz Suarez; Sofia Ortiz Daza | F30: El sistema soporta documentos de hasta 20 MB por archivo. | G30: Decisión técnica del equipo de desarrollo | H30: Es un umbral de diseño definido por el equipo para preservar el rendimiento de las operaciones de hashing (RNF-09, RNF-11), sin corresponder a una norma externa. | I30: =IFERROR(INDEX(Listas!$B$7:$B$46,MATCH(J30,Listas!$A$7:$A$46,0)),"") -> Eficiencia de desempeño | J30: Capacidad | K30: Debe (Must) | L30: Alta | M30: Aprobado | N30: Tamaño máximo de archivo aceptado por el sistema | O30: Megabytes (MB) | P30: Máximo 20 MB por archivo | Q30: Prueba funcional de carga con archivos de 19 MB, 20 MB y 21 MB | R30: Prueba | S30: RF-011, RF-029 | T30: Ninguna
A31: RNF-025 | B31: Accesibilidad mediante navegadores modernos | C31: 2.0 | D31: 46265 | E31: Laura Sofia Diaz Suarez; Sofia Ortiz Daza | F31: El sistema es accesible mediante navegadores web modernos que soporten las tecnologías utilizadas para el desarrollo de la aplicación. | G31: Empleado / Verificador / Administrador | H31: Garantiza el acceso al sistema desde los navegadores estándar disponibles en los equipos de cómputo de la organización. | I31: =IFERROR(INDEX(Listas!$B$7:$B$46,MATCH(J31,Listas!$A$7:$A$46,0)),"") -> Flexibilidad | J31: Adaptabilidad | K31: Podría (Could) | L31: Baja | M31: Aprobado | N31: Número de navegadores modernos (últimas dos versiones estables) en los que el sistema opera sin errores funcionales | O31: Navegadores compatibles | P31: Mínimo 2 navegadores modernos verificados (por ejemplo, Chrome y Edge) | Q31: Prueba funcional manual sobre los navegadores seleccionados en el entorno de pruebas | R31: Prueba | S31: Todos los módulos funcionales | T31: Ninguna
... A35: RNF-029 | B35: Condiciones controladas de evaluación | C35: 2.0 | D35: 46265 | E35: Laura Sofia Diaz Suarez; Sofia Ortiz Daza | F35: El rendimiento y confiabilidad del sistema se evalúan bajo las condiciones controladas establecidas para el MVP, utilizando los documentos sintéticos definidos en el plan de pruebas. | G35: Alcance y limitaciones del proyecto | H35: El proyecto no contempla pruebas de carga a escala empresarial ni escenarios de uso concurrente masivo, conforme a las limitaciones declaradas. | I35: =IFERROR(INDEX(Listas!$B$7:$B$46,MATCH(J35,Listas!$A$7:$A$46,0)),"") -> Mantenibilidad | J35: Capacidad de prueba | K35: Debería (Should) | L35: Media | M35: Aprobado | N35: Verificación de que las pruebas de rendimiento y confiabilidad se ejecutan sobre el conjunto de 20 documentos sintéticos definido | O35: Cumple / No cumple | P35: Cumple (pruebas ejecutadas exclusivamente sobre los 20 documentos sintéticos y el entorno Docker de prueba) | Q35: Revisión del Plan de Pruebas de Software (PPS) frente a su ejecución real | R35: Inspección | S35: Ninguno directamente | T35: RNF-014, RNF-028
A36: RNF-030 | B36: Alineación con controles del Anexo A de ISO/IEC 27001:2022 | C36: 2.0 | D36: 46265 | E36: Laura Sofia Diaz Suarez; Sofia Ortiz Daza | F36: El diseño del sistema considera principios y controles de seguridad relacionados con el acceso, criptografía, integridad y protección de la información, tomando como referencia los controles definidos en el Anexo A de ISO/IEC 27001:2022 contemplados en el alcance del proyecto. | G36: Alcance normativo del proyecto | H36: El proyecto centra su enfoque normativo en los controles A.8.24 (uso de criptografía) y A.8.11 (enmascaramiento de datos) del Anexo A de ISO/IEC 27001:2022 [23], sin implementar ni certificar el SGSI completo. | I36: =IFERROR(INDEX(Listas!$B$7:$B$46,MATCH(J36,Listas!$A$7:$A$46,0)),"") -> Seguridad (security) | J36: Confidencialidad | K36: Debe (Must) | L36: Alta | M36: Aprobado | N36: Número de controles del Anexo A adoptados como criterio de diseño (A.8.24 y A.8.11) efectivamente reflejados en la arquitectura | O36: Controles cumplidos / controles de referencia | P36: 2 de 2 controles de referencia (A.8.24 y A.8.11) reflejados en el diseño | Q36: Revisión de arquitectura frente a la matriz de trazabilidad normativa del proyecto | R36: Análisis | S36: RF-014, RF-015, RF-016, RF-027, RF-049 | T36: RNF-004, RNF-005 | U36: No se implementa ni evalúa el SGSI completo definido por la norma, conforme a las limitaciones del proyecto.
I37: =IFERROR(INDEX(Listas!$B$7:$B$46,MATCH(J37,Listas!$A$7:$A$46,0)),"")
I38: =IFERROR(INDEX(Listas!$B$7:$B$46,MATCH(J38,Listas!$A$7:$A$46,0)),"")
I39: =IFERROR(INDEX(Listas!$B$7:$B$46,MATCH(J39,Listas!$A$7:$A$46,0)),"")
I40: =IFERROR(INDEX(Listas!$B$7:$B$46,MATCH(J40,Listas!$A$7:$A$46,0)),"")
I41: =IFERROR(INDEX(Listas!$B$7:$B$46,MATCH(J41,Listas!$A$7:$A$46,0)),"")
I42: =IFERROR(INDEX(Listas!$B$7:$B$46,MATCH(J42,Listas!$A$7:$A$46,0)),"")
I43: =IFERROR(INDEX(Listas!$B$7:$B$46,MATCH(J43,Listas!$A$7:$A$46,0)),"")
I44: =IFERROR(INDEX(Listas!$B$7:$B$46,MATCH(J44,Listas!$A$7:$A$46,0)),"")
I45: =IFERROR(INDEX(Listas!$B$7:$B$46,MATCH(J45,Listas!$A$7:$A$46,0)),"")
I46: =IFERROR(INDEX(Listas!$B$7:$B$46,MATCH(J46,Listas!$A$7:$A$46,0)),"")
I47: =IFERROR(INDEX(Listas!$B$7:$B$46,MATCH(J47,Listas!$A$7:$A$46,0)),"")
I48: =IFERROR(INDEX(Listas!$B$7:$B$46,MATCH(J48,Listas!$A$7:$A$46,0)),"")
... I107: =IFERROR(INDEX(Listas!$B$7:$B$46,MATCH(J107,Listas!$A$7:$A$46,0)),"")

Sheet Ficha_RF
A1: Fichas de requisitos funcionales (RF-001 a RF-053)
A2: Una ficha de una página por cada requisito funcional del SRS v2, generada a partir de la hoja RF.
A4: Ficha de requisito funcional (1 de 53) RF-001 — Selección de rol de acceso
B6: IDENTIFICACIÓN
B7: ID del requisito | C7: RF-001
B8: Título | C8: Inicio de sesión
B9: Versión | C9: 2.0
B10: Fecha de versión | C10: 31/08/2026
B11: Autor | C11: Laura Sofia Diaz Suarez; Sofia Ortiz Daza
B12: 1. CONTEXTO Y JUSTIFICACIÓN
B13: Descripción general | C13: Permite al usuario iniciar sesión ingresando únicamente su correo electrónico corporativo y su contraseña.
B14: Fuente o parte interesada | C14: Área de TI - Seguridad de la información
B15: Justificación | C15: Los tres roles definen el alcance funcional del MVP y habilitan el control de acceso por rol (RBAC) exigido en RNF-03.
B16: 2. CLASIFICACIÓN
B17: Prioridad (MoSCoW) | C17: Debe (Must)
B18: Importancia | C18: Alta
B19: Estado | C19: Aprobado
B20: 3. ESPECIFICACIÓN DETALLADA
B21: Precondiciones | C21: El usuario no tiene sesión activa.
B22: Disparador | C22: El usuario ingresa a la URL del sistema.
B23: Flujo principal | C23: 1. El sistema muestra el formulario de inicio de sesión con los campos correo electrónico y contraseña. 2. El usuario ingresa sus datos. 3. El sistema continúa con la validación de credenciales de RF-002.
B24: Reglas de negocio y validaciones | C24: RN-01: El sistema no solicita ni acepta la selección de rol por parte del usuario. RN-02: Los roles válidos del sistema son Administrador, Empleado y Verificador.
B25: Criterios de aceptación verificables | C25: CA-01: Dado que el usuario está en la pantalla de inicio, cuando la visualiza, entonces el sistema muestra únicamente los campos de correo electrónico y contraseña.
B26: 4. RELACIONES
B27: Dependencias | C27: Ninguna
B28: Requisitos hijos | C28: RF-002
B29: Comentarios | C29: El rol se determina a partir de la cuenta del usuario.
A32: Ficha de requisito funcional (2 de 53) RF-002 — Autenticación mediante credenciales
B34: IDENTIFICACIÓN
B35: ID del requisito | C35: RF-002
B36: Título | C36: Autenticación mediante credenciales
B37: Versión | C37: 2.0
B38: Fecha de versión | C38: 31/08/2026
B39: Autor | C39: Laura Sofia Diaz Suarez; Sofia Ortiz Daza
B40: 1. CONTEXTO Y JUSTIFICACIÓN
B41: Descripción general | C41: Solicita correo electrónico y contraseña corporativos como primer factor de autenticación.
B42: Fuente o parte interesada | C42: Área de TI - Seguridad de la información
B43: Justificación | C43: Es la base del control de acceso y se complementa con el segundo factor de RF-003, conforme a RNF-02.
B44: 2. CLASIFICACIÓN
B45: Prioridad (MoSCoW) | C45: Debe (Must)
B46: Importancia | C46: Alta
B47: Estado | C47: Aprobado
B48: 3. ESPECIFICACIÓN DETALLADA
B49: Precondiciones | C49: El usuario visualiza el formulario de inicio de sesión (RF-001).
B50: Disparador | C50: El usuario visualiza el formulario de credenciales.
B51: Flujo principal | C51: 1. El sistema solicita correo electrónico y contraseña. 2. El usuario los ingresa y envía el formulario. 3. El sistema valida las credenciales contra el registro de usuarios y continúa con RF-003.
B52: Reglas de negocio y validaciones | C52: RN-01: Las contraseñas se validan contra el hash almacenado (RNF-01), nunca en texto plano.
B53: Criterios de aceptación verificables | C53: CA-01: Dado credenciales válidas, cuando se envía el formulario, entonces el sistema solicita el token de segundo factor. CA-02: Dado credenciales inválidas, cuando se envía el formulario, entonces el sistema muestra un mensaje de error sin indicar cuál dato es incorrecto.
B54: 4. RELACIONES
B55: Dependencias | C55: RF-001
B56: Requisitos hijos | C56: RF-003
B57: Comentarios | C57: —
A60: Ficha de requisito funcional (3 de 53) RF-003 — Autenticación de segundo factor
B62: IDENTIFICACIÓN
B63: ID del requisito | C63: RF-003
B64: Título | C64: Autenticación de segundo factor
B65: Versión | C65: 2.0
B66: Fecha de versión | C66: 31/08/2026
B67: Autor | C67: Laura Sofia Diaz Suarez; Sofia Ortiz Daza
B68: 1. CONTEXTO Y JUSTIFICACIÓN
B69: Descripción general | C69: Envía un token de verificación al correo corporativo registrado del usuario como segundo factor.
B70: Fuente o parte interesada | C70: Área de TI - Seguridad de la información
B71: Justificación | C71: Refuerza la autenticación exigida por RNF-02 y reduce el riesgo de suplantación en el acceso a evidencia documental sensible.
B72: 2. CLASIFICACIÓN
B73: Prioridad (MoSCoW) | C73: Debe (Must)
B74: Importancia | C74: Alta
B75: Estado | C75: Aprobado
B76: 3. ESPECIFICACIÓN DETALLADA
B77: Precondiciones | C77: Las credenciales ingresadas en RF-002 fueron validadas.
B78: Disparador | C78: El sistema valida correctamente usuario y contraseña.
B79: Flujo principal | C79: 1. El sistema genera un token de un solo uso. 2. El sistema lo envía al correo corporativo registrado. 3. El sistema muestra el campo para ingresar el token.
B80: Reglas de negocio y validaciones | C80: RN-01: El token tiene un tiempo de expiración definido y solo puede usarse una vez.
B81: Criterios de aceptación verificables | C81: CA-01: Dado que las credenciales son válidas, cuando el sistema las procesa, entonces envía el token al correo registrado del usuario en menos de un minuto.
B82: 4. RELACIONES
B83: Dependencias | C83: RF-002
B84: Requisitos hijos | C84: RF-004
B85: Comentarios | C85: Pendiente de validar el canal exclusivo de correo corporativo frente a alternativas (SMS, app autenticadora); ver nota en RNF-02.
A88: Ficha de requisito funcional (4 de 53) RF-004 — Validación del token
B90: IDENTIFICACIÓN
B91: ID del requisito | C91: RF-004
B92: Título | C92: Validación del token
B93: Versión | C93: 2.0
B94: Fecha de versión | C94: 31/08/2026
B95: Autor | C95: Laura Sofia Diaz Suarez; Sofia Ortiz Daza
B96: 1. CONTEXTO Y JUSTIFICACIÓN
B97: Descripción general | C97: Valida el token de segundo factor ingresado por el usuario antes de conceder acceso.
B98: Fuente o parte interesada | C98: Área de TI - Seguridad de la información
B99: Justificación | C99: Es el paso que cierra el ciclo de autenticación de doble factor exigido en RNF-02.
B100: 2. CLASIFICACIÓN
B101: Prioridad (MoSCoW) | C101: Debe (Must)
B102: Importancia | C102: Alta
B103: Estado | C103: Aprobado
B104: 3. ESPECIFICACIÓN DETALLADA
B105: Precondiciones | C105: El token fue enviado (RF-003).
B106: Disparador | C106: El usuario ingresa el token recibido.
B107: Flujo principal | C107: 1. El usuario ingresa el token. 2. El sistema compara el token ingresado contra el generado. 3. Si coincide y no ha expirado, el sistema continúa con RF-005.
B108: Reglas de negocio y validaciones | C108: RN-01: Un token expirado o incorrecto no concede acceso. RN-02: Se define un número máximo de intentos antes de bloquear temporalmente el proceso.
B109: Criterios de aceptación verificables | C109: CA-01: Dado un token correcto y vigente, cuando se valida, entonces el sistema concede acceso. CA-02: Dado un token incorrecto o expirado, cuando se valida, entonces el sistema deniega el acceso y lo informa al usuario.
B110: 4. RELACIONES
B111: Dependencias | C111: RF-003
...

Sheet Ficha_RNF
A1: Fichas de requisitos no funcionales (RNF-001 a RNF-030)
A2: Una ficha de una página por cada requisito no funcional del SRS v2, generada a partir de la hoja RNF.
A4: Ficha de requisito no funcional (1 de 30) RNF-001 — Protección de contraseñas mediante hashing seguro
B6: IDENTIFICACIÓN
B7: ID del requisito | C7: RNF-001
B8: Título | C8: Protección de contraseñas mediante hashing seguro
B9: Versión | C9: 2.0
B10: Fecha de versión | C10: 31/08/2026
B11: Autor | C11: Laura Sofia Diaz Suarez; Sofia Ortiz Daza
B12: 1. CONTEXTO Y JUSTIFICACIÓN
B13: Descripción general | C13: Las contraseñas se almacenan utilizando un mecanismo de hashing seguro con sal, nunca en texto plano.
B14: Fuente o parte interesada | C14: Área de TI - Seguridad de la información
B15: Justificación | C15: Previene la exposición de credenciales ante un acceso no autorizado a la base de datos, conforme a buenas prácticas de seguridad de la información referenciadas en el Anexo A de ISO/IEC 27001:2022 [23].
B16: 2. CLASIFICACIÓN
B17: Característica ISO/IEC 25010:2023 | C17: Seguridad (security)
B18: Subcaracterística ISO/IEC 25010:2023 | C18: Confidencialidad
B19: Prioridad (MoSCoW) | C19: Debe (Must)
B20: Importancia | C20: Alta
B21: Estado | C21: Aprobado
B22: 3. ESPECIFICACIÓN DE LA MEDIDA
B23: Métrica | C23: Verificación binaria de que el campo de contraseña almacenado corresponde a un hash con sal (no a texto plano)
B24: Unidad de medida | C24: Cumple / No cumple
B25: Umbral de aceptación | C25: Cumple (100 % de las contraseñas almacenadas como hash con sal, mediante bcrypt)
B26: Condición de medición | C26: Inspección de la base de datos de usuarios en el entorno de pruebas Docker
B27: Método de verificación | C27: Inspección
B28: 4. RELACIONES
B29: Requisitos funcionales afectados | C29: RF-002, RF-045, RF-052, RF-053
B30: Dependencias | C30: Ninguna
B31: Comentarios | C31: BCRYPT incorpora automáticamente sal y múltiples iteraciones, según se define en el glosario del proyecto.
A34: Ficha de requisito no funcional (2 de 30) RNF-002 — Autenticación de doble factor
B36: IDENTIFICACIÓN
B37: ID del requisito | C37: RNF-002
B38: Título | C38: Autenticación de doble factor
B39: Versión | C39: 2.0
B40: Fecha de versión | C40: 31/08/2026
B41: Autor | C41: Laura Sofia Diaz Suarez; Sofia Ortiz Daza
B42: 1. CONTEXTO Y JUSTIFICACIÓN
B43: Descripción general | C43: El sistema implementa autenticación mediante credenciales y un segundo factor de verificación mediante token.
B44: Fuente o parte interesada | C44: Área de TI - Seguridad de la información
B45: Justificación | C45: Se mantiene sin cambios respecto a la v1, sujeta a la misma validación pendiente indicada en RF-003 sobre el canal exclusivo de token por correo, y se alinea con el Decreto 2364 de 2012, que reconoce la validez de mecanismos tecnológicos de autenticación como la firma electrónica [36].
B46: 2. CLASIFICACIÓN
B47: Característica ISO/IEC 25010:2023 | C47: Seguridad (security)
B48: Subcaracterística ISO/IEC 25010:2023 | C48: Autenticidad
B49: Prioridad (MoSCoW) | C49: Debe (Must)
B50: Importancia | C50: Alta
B51: Estado | C51: Propuesto
B52: 3. ESPECIFICACIÓN DE LA MEDIDA
B53: Métrica | C53: Verificación de que el acceso requiere credenciales válidas y un token de segundo factor vigente
B54: Unidad de medida | C54: Cumple / No cumple
B55: Umbral de aceptación | C55: Cumple (100 % de los inicios de sesión exigen ambos factores)
B56: Condición de medición | C56: Prueba funcional del flujo de autenticación (RF-002 a RF-005) en el entorno Docker de pruebas
B57: Método de verificación | C57: Prueba
B58: 4. RELACIONES
B59: Requisitos funcionales afectados | C59: RF-002, RF-003, RF-004, RF-005
B60: Dependencias | C60: Ninguna
B61: Comentarios | C61: Pendiente de validar con el tutor si el canal exclusivo de correo corporativo es suficiente o si se debe evaluar un canal alterno.
A64: Ficha de requisito no funcional (3 de 30) RNF-003 — Control de acceso basado en roles (RBAC)
B66: IDENTIFICACIÓN
B67: ID del requisito | C67: RNF-003
B68: Título | C68: Control de acceso basado en roles (RBAC)
B69: Versión | C69: 2.0
B70: Fecha de versión | C70: 31/08/2026
B71: Autor | C71: Laura Sofia Diaz Suarez; Sofia Ortiz Daza
B72: 1. CONTEXTO Y JUSTIFICACIÓN
B73: Descripción general | C73: El sistema aplica un esquema de control de acceso basado en roles, garantizando que cada usuario únicamente pueda acceder a las funcionalidades y datos autorizados para su rol.
B74: Fuente o parte interesada | C74: Área de TI - Seguridad de la información
B75: Justificación | C75: Es un control fundamental de acceso lógico alineado con el Anexo A de ISO/IEC 27001:2022, tomado como referencia de diseño en el proyecto [23].
B76: 2. CLASIFICACIÓN
B77: Característica ISO/IEC 25010:2023 | C77: Seguridad (security)
B78: Subcaracterística ISO/IEC 25010:2023 | C78: Confidencialidad
B79: Prioridad (MoSCoW) | C79: Debe (Must)
B80: Importancia | C80: Alta
B81: Estado | C81: Aprobado
B82: 3. ESPECIFICACIÓN DE LA MEDIDA
B83: Métrica | C83: Porcentaje de intentos de acceso a funcionalidades no autorizadas para el rol que son bloqueados
B84: Unidad de medida | C84: Porcentaje (%)
B85: Umbral de aceptación | C85: 100 % de los intentos no autorizados bloqueados
B86: Condición de medición | C86: Suite de pruebas funcionales de caja negra ejecutando los tres roles sobre los cinco módulos del sistema
B87: Método de verificación | C87: Prueba
B88: 4. RELACIONES
B89: Requisitos funcionales afectados | C89: RF-005, RF-006, RF-023, RF-027, RF-041 a RF-051
B90: Dependencias | C90: RNF-002
B91: Comentarios | C91: —
A94: Ficha de requisito no funcional (4 de 30) RNF-004 — No almacenamiento del contenido documental en blockchain
B96: IDENTIFICACIÓN
B97: ID del requisito | C97: RNF-004
B98: Título | C98: No almacenamiento del contenido documental en blockchain
B99: Versión | C99: 2.0
B100: Fecha de versión | C100: 31/08/2026
B101: Autor | C101: Laura Sofia Diaz Suarez; Sofia Ortiz Daza
B102: 1. CONTEXTO Y JUSTIFICACIÓN
B103: Descripción general | C103: El sistema no almacena el contenido de los contratos laborales ni acuerdos de confidencialidad directamente en la red blockchain. La blockchain almacena únicamente las huellas criptográficas y los eventos necesarios para la trazabilidad.
B104: Fuente o parte interesada | C104: Alcance técnico del proyecto
B105: Justificación | C105: Corresponde directamente al modelo de persistencia definido en el proyecto y responde a las exigencias de minimización de datos de la Ley 1581 de 2012 [9].
B106: 2. CLASIFICACIÓN
B107: Característica ISO/IEC 25010:2023 | C107: Seguridad (security)
B108: Subcaracterística ISO/IEC 25010:2023 | C108: Confidencialidad
B109: Prioridad (MoSCoW) | C109: Debe (Must)
B110: Importancia | C110: Alta
B111: Estado | C111: Aprobado
...

Sheet Historias_Usuario
A1: Historias de usuario
A2: Una fila por historia. Los escenarios de aceptación se registran en la hoja Criterios_Gherkin.
A3: La fila 7 es un ejemplo: sobrescríbela o bórrala antes de entregar. Una historia sin escenarios registrados no se puede dar por verificable.
A5: IDENTIFICACIÓN | D5: FORMATO NARRATIVO | H5: TRAZABILIDAD | J5: PLANEACIÓN | N5: CRITERIOS DE ACEPTACIÓN | O5: VERIFICACIÓN INVEST | V5: DEFINICIÓN DE TERMINADO
A6: ID de la historia | B6: Épica | C6: Título | D6: Como (rol) | E6: Quiero (acción) | F6: Para (beneficio) | G6: Historia redactada | H6: Requisitos funcionales asociados | I6: Requisitos no funcionales asociados | J6: Prioridad (MoSCoW) | K6: Estimación (puntos de historia) | L6: Iteración o sprint | M6: Estado | N6: Escenarios registrados en Gherkin | O6: Independiente | P6: Negociable | Q6: Valiosa | R6: Estimable | S6: Pequeña | T6: Verificable | U6: Cumple INVEST | V6: =Definición_Terminado!$B$5 -> Revisión por pares superada e integración en la rama principal del repositorio (GitHub) | W6: =Definición_Terminado!$B$6 -> Casos del Plan de Pruebas de Software (PPS) asociados a la historia ejecutados con resultado PASS | X6: =Definición_Terminado!$B$7 -> Requisitos funcionales y no funcionales del SRS actualizados según lo implementado en la historia | Y6: =Definición_Terminado!$B$8 -> Historia desplegada y verificada en el entorno de prueba (Docker Compose / máquina virtual de Azure) | Z6: =Definición_Terminado!$B$9 -> Aceptación registrada por el director o la codirectora del proyecto | AA6: Cumple la definición de terminado
A7: HU-001 | B7: EP-01 Autenticación y control de acceso | C7: Inicio de sesión con credenciales corporativas | D7: usuario del sistema (Empleado, Verificador o Administrador) | E7: ingresar mi correo y contraseña corporativos | F7: iniciar el proceso de autenticación y acceder con el rol asignado a mi cuenta | G7: =IF($A7="","","Como "&D7&", quiero "&E7&", para "&F7&".") -> Como usuario del sistema (Empleado, Verificador o Administrador), quiero ingresar mi correo y contraseña corporativos, para iniciar el proceso de autenticación y acceder con el rol asignado a mi cuenta. | H7: RF-001, RF-002 | I7: RNF-02 | J7: Debe (Must) | K7: 3 | L7: Sprint 1 | M7: Por hacer | N7: =IF($A7="","",COUNTIF(Criterios_Gherkin!$A$7:$A$206,$A7)) -> 2 | O7: Sí | P7: Sí | Q7: Sí | R7: Sí | S7: Sí | T7: Sí | U7: =IF($A7="","",IF(COUNTIF($O7:$T7,"Sí")=6,"Sí","No")) -> Sí | V7: No | W7: No | X7: No | Y7: No | Z7: No | AA7: =IF($A7="","",IF(COUNTIF($V7:$Z7,"Sí")=5,"Sí","No")) -> No
A8: HU-002 | B8: EP-01 Autenticación y control de acceso | C8: Autenticación de doble factor y acceso por rol | D8: usuario del sistema | E8: validar un token de segundo factor enviado a mi correo corporativo y que el sistema confirme mi rol | F8: acceder de forma segura únicamente a las funcionalidades autorizadas para mi rol | G8: =IF($A8="","","Como "&D8&", quiero "&E8&", para "&F8&".") -> Como usuario del sistema, quiero validar un token de segundo factor enviado a mi correo corporativo y que el sistema confirme mi rol, para acceder de forma segura únicamente a las funcionalidades autorizadas para mi rol. | H8: RF-003, RF-004, RF-005, RF-006 | I8: RNF-02, RNF-03 | J8: Debe (Must) | K8: 5 | L8: Sprint 1 | M8: Por hacer | N8: =IF($A8="","",COUNTIF(Criterios_Gherkin!$A$7:$A$206,$A8)) -> 2 | O8: No | P8: Sí | Q8: Sí | R8: Sí | S8: Sí | T8: Sí | U8: =IF($A8="","",IF(COUNTIF($O8:$T8,"Sí")=6,"Sí","No")) -> No | V8: No | W8: No | X8: No | Y8: No | Z8: No | AA8: =IF($A8="","",IF(COUNTIF($V8:$Z8,"Sí")=5,"Sí","No")) -> No
A9: HU-003 | B9: EP-01 Autenticación y control de acceso | C9: Cierre de sesión seguro | D9: usuario autenticado | E9: cerrar mi sesión de forma segura | F9: evitar que alguien más use mi sesión activa desde el mismo equipo | G9: =IF($A9="","","Como "&D9&", quiero "&E9&", para "&F9&".") -> Como usuario autenticado, quiero cerrar mi sesión de forma segura, para evitar que alguien más use mi sesión activa desde el mismo equipo. | H9: RF-007 | I9: RNF-07 | J9: Debe (Must) | K9: 1 | L9: Sprint 1 | M9: Por hacer | N9: =IF($A9="","",COUNTIF(Criterios_Gherkin!$A$7:$A$206,$A9)) -> 2 | O9: No | P9: Sí | Q9: Sí | R9: Sí | S9: Sí | T9: Sí | U9: =IF($A9="","",IF(COUNTIF($O9:$T9,"Sí")=6,"Sí","No")) -> No | V9: No | W9: No | X9: No | Y9: No | Z9: No | AA9: =IF($A9="","",IF(COUNTIF($V9:$Z9,"Sí")=5,"Sí","No")) -> No
A10: HU-004 | B10: EP-01 Autenticación y control de acceso | C10: Cambio de contraseña | D10: usuario autenticado | E10: cambiar mi contraseña ingresando la actual y la nueva | F10: mantener segura mi cuenta sin depender del administrador | G10: =IF($A10="","","Como "&D10&", quiero "&E10&", para "&F10&".") -> Como usuario autenticado, quiero cambiar mi contraseña ingresando la actual y la nueva, para mantener segura mi cuenta sin depender del administrador. | H10: RF-052, RF-053 | I10: RNF-01 | J10: Debería (Should) | K10: 2 | L10: Sprint 1 | M10: Por hacer | N10: =IF($A10="","",COUNTIF(Criterios_Gherkin!$A$7:$A$206,$A10)) -> 2 | O10: No | P10: Sí | Q10: Sí | R10: Sí | S10: Sí | T10: Sí | U10: =IF($A10="","",IF(COUNTIF($O10:$T10,"Sí")=6,"Sí","No")) -> No | V10: No | W10: No | X10: No | Y10: No | Z10: No | AA10: =IF($A10="","",IF(COUNTIF($V10:$Z10,"Sí")=5,"Sí","No")) -> No
A11: HU-005 | B11: EP-02 Registro y gestión documental (Empleado) | C11: Carga y validación de documentos contractuales | D11: Empleado | E11: cargar un documento contractual en PDF de máximo 20 MB | F11: iniciar su registro y la generación de evidencia de integridad | G11: =IF($A11="","","Como "&D11&", quiero "&E11&", para "&F11&".") -> Como Empleado, quiero cargar un documento contractual en PDF de máximo 20 MB, para iniciar su registro y la generación de evidencia de integridad. | H11: RF-008, RF-009, RF-010, RF-011, RF-012 | I11: RNF-23, RNF-24 | J11: Debe (Must) | K11: 5 | L11: Sprint 2 | M11: Por hacer | N11: =IF($A11="","",COUNTIF(Criterios_Gherkin!$A$7:$A$206,$A11)) -> 2 | O11: No | P11: Sí | Q11: Sí | R11: Sí | S11: Sí | T11: Sí | U11: =IF($A11="","",IF(COUNTIF($O11:$T11,"Sí")=6,"Sí","No")) -> No | V11: No | W11: No | X11: No | Y11: No | Z11: No | AA11: =IF($A11="","",IF(COUNTIF($V11:$Z11,"Sí")=5,"Sí","No")) -> No
A12: HU-006 | B12: EP-02 Registro y gestión documental (Empleado) | C12: Registro de metadatos y generación de huella criptográfica | D12: Empleado | E12: que el sistema registre los metadatos de mi documento y calcule automáticamente su huella SHA-256 | F12: contar con evidencia de integridad desde el momento del registro | G12: =IF($A12="","","Como "&D12&", quiero "&E12&", para "&F12&".") -> Como Empleado, quiero que el sistema registre los metadatos de mi documento y calcule automáticamente su huella SHA-256, para contar con evidencia de integridad desde el momento del registro. | H12: RF-013, RF-014, RF-015 | I12: RNF-11, RNF-13 | J12: Debe (Must) | K12: 8 | L12: Sprint 2 | M12: Por hacer | N12: =IF($A12="","",COUNTIF(Criterios_Gherkin!$A$7:$A$206,$A12)) -> 2 | O12: No | P12: Sí | Q12: Sí | R12: Sí | S12: No | T12: Sí | U12: =IF($A12="","",IF(COUNTIF($O12:$T12,"Sí")=6,"Sí","No")) -> No | V12: No | W12: No | X12: No | Y12: No | Z12: No | AA12: =IF($A12="","",IF(COUNTIF($V12:$Z12,"Sí")=5,"Sí","No")) -> No
A13: HU-007 | B13: EP-02 Registro y gestión documental (Empleado) | C13: Registro de la huella en la red blockchain | D13: Empleado | E13: que la huella de mi documento quede registrada en la red Hyperledger Fabric y reciba confirmación | F13: tener evidencia inmutable de integridad sin que se exponga el contenido del documento | G13: =IF($A13="","","Como "&D13&", quiero "&E13&", para "&F13&".") -> Como Empleado, quiero que la huella de mi documento quede registrada en la red Hyperledger Fabric y reciba confirmación, para tener evidencia inmutable de integridad sin que se exponga el contenido del documento. | H13: RF-016, RF-017 | I13: RNF-04, RNF-05, RNF-20 | J13: Debe (Must) | K13: 8 | L13: Sprint 2 | M13: Por hacer | N13: =IF($A13="","",COUNTIF(Criterios_Gherkin!$A$7:$A$206,$A13)) -> 2 | O13: No | P13: Sí | Q13: Sí | R13: Sí | S13: No | T13: Sí | U13: =IF($A13="","",IF(COUNTIF($O13:$T13,"Sí")=6,"Sí","No")) -> No | V13: No | W13: No | X13: No | Y13: No | Z13: No | AA13: =IF($A13="","",IF(COUNTIF($V13:$Z13,"Sí")=5,"Sí","No")) -> No
A14: HU-008 | B14: EP-02 Registro y gestión documental (Empleado) | C14: Consulta de mis documentos y su estado | D14: Empleado | E14: consultar el listado de los documentos que he registrado con su estado actual | F14: hacer seguimiento a mis contratos sin depender de otro canal | G14: =IF($A14="","","Como "&D14&", quiero "&E14&", para "&F14&".") -> Como Empleado, quiero consultar el listado de los documentos que he registrado con su estado actual, para hacer seguimiento a mis contratos sin depender de otro canal. | H14: RF-018, RF-019, RF-020 | I14: RNF-09 | J14: Debe (Must) | K14: 3 | L14: Sprint 4 | M14: Por hacer | N14: =IF($A14="","",COUNTIF(Criterios_Gherkin!$A$7:$A$206,$A14)) -> 2 | O14: No | P14: Sí | Q14: Sí | R14: Sí | S14: Sí | T14: Sí | U14: =IF($A14="","",IF(COUNTIF($O14:$T14,"Sí")=6,"Sí","No")) -> No | V14: No | W14: No | X14: No | Y14: No | Z14: No | AA14: =IF($A14="","",IF(COUNTIF($V14:$Z14,"Sí")=5,"Sí","No")) -> No
A15: HU-009 | B15: EP-02 Registro y gestión documental (Empleado) | C15: Consulta de trazabilidad de mis documentos | D15: Empleado | E15: consultar el historial de acciones registradas sobre mis documentos | F15: verificar qué ocurrió con cada uno y cuándo | G15: =IF($A15="","","Como "&D15&", quiero "&E15&", para "&F15&".") -> Como Empleado, quiero consultar el historial de acciones registradas sobre mis documentos, para verificar qué ocurrió con cada uno y cuándo. | H15: RF-021, RF-022 | I15: RNF-06, RNF-26, RNF-27 | J15: Debe (Must) | K15: 5 | L15: Sprint 4 | M15: Por hacer | N15: =IF($A15="","",COUNTIF(Criterios_Gherkin!$A$7:$A$206,$A15)) -> 2 | O15: No | P15: Sí | Q15: Sí | R15: Sí | S15: Sí | T15: Sí | U15: =IF($A15="","",IF(COUNTIF($O15:$T15,"Sí")=6,"Sí","No")) -> No | V15: No | W15: No | X15: No | Y15: No | Z15: No | AA15: =IF($A15="","",IF(COUNTIF($V15:$Z15,"Sí")=5,"Sí","No")) -> No
A16: HU-010 | B16: EP-03 Verificación de integridad documental (Verificador) | C16: Selección del documento a verificar | D16: Verificador | E16: seleccionar un documento previamente registrado en el sistema | F16: iniciar su proceso de verificación de integridad | G16: =IF($A16="","","Como "&D16&", quiero "&E16&", para "&F16&".") -> Como Verificador, quiero seleccionar un documento previamente registrado en el sistema, para iniciar su proceso de verificación de integridad. | H16: RF-023, RF-024, RF-025 | J16: Debe (Must) | K16: 3 | L16: Sprint 3 | M16: Por hacer | N16: =IF($A16="","",COUNTIF(Criterios_Gherkin!$A$7:$A$206,$A16)) -> 2 | O16: No | P16: Sí | Q16: Sí | R16: Sí | S16: Sí | T16: Sí | U16: =IF($A16="","",IF(COUNTIF($O16:$T16,"Sí")=6,"Sí","No")) -> No | V16: No | W16: No | X16: No | Y16: No | Z16: No | AA16: =IF($A16="","",IF(COUNTIF($V16:$Z16,"Sí")=5,"Sí","No")) -> No
A17: HU-011 | B17: EP-03 Verificación de integridad documental (Verificador) | C17: Consulta de la huella registrada con control de visibilidad | D17: Verificador | E17: consultar la huella criptográfica registrada del documento seleccionado | F17: contar con la evidencia base de comparación, respetando las restricciones de acceso por rol | G17: =IF($A17="","","Como "&D17&", quiero "&E17&", para "&F17&".") -> Como Verificador, quiero consultar la huella criptográfica registrada del documento seleccionado, para contar con la evidencia base de comparación, respetando las restricciones de acceso por rol. | H17: RF-026, RF-027 | I17: RNF-08 | J17: Debe (Must) | K17: 3 | L17: Sprint 3 | M17: Por hacer | N17: =IF($A17="","",COUNTIF(Criterios_Gherkin!$A$7:$A$206,$A17)) -> 2 | O17: No | P17: Sí | Q17: Sí | R17: Sí | S17: Sí | T17: Sí | U17: =IF($A17="","",IF(COUNTIF($O17:$T17,"Sí")=6,"Sí","No")) -> No | V17: No | W17: No | X17: No | Y17: No | Z17: No | AA17: =IF($A17="","",IF(COUNTIF($V17:$Z17,"Sí")=5,"Sí","No")) -> No
A18: HU-012 | B18: EP-03 Verificación de integridad documental (Verificador) | C18: Carga del documento a comparar | D18: Verificador | E18: cargar el documento PDF que se comparará con la versión registrada | F18: generar la huella con la que se hará la verificación | G18: =IF($A18="","","Como "&D18&", quiero "&E18&", para "&F18&".") -> Como Verificador, quiero cargar el documento PDF que se comparará con la versión registrada, para generar la huella con la que se hará la verificación. | H18: RF-028, RF-029 | I18: RNF-23, RNF-24 | J18: Debe (Must) | K18: 3 | L18: Sprint 3 | M18: Por hacer | N18: =IF($A18="","",COUNTIF(Criterios_Gherkin!$A$7:$A$206,$A18)) -> 2 | O18: No | P18: Sí | Q18: Sí | R18: Sí | S18: Sí | T18: Sí | U18: =IF($A18="","",IF(COUNTIF($O18:$T18,"Sí")=6,"Sí","No")) -> No | V18: No | W18: No | X18: No | Y18: No | Z18: No | AA18: =IF($A18="","",IF(COUNTIF($V18:$Z18,"Sí")=5,"Sí","No")) -> No
A19: HU-013 | B19: EP-03 Verificación de integridad documental (Verificador) | C19: Comparación de huellas y resultado de la verificación | D19: Verificador | E19: que el sistema calcule la huella del documento cargado y la compare con la huella registrada | F19: confirmar si la integridad del documento se mantiene o fue comprometida | G19: =IF($A19="","","Como "&D19&", quiero "&E19&", para "&F19&".") -> Como Verificador, quiero que el sistema calcule la huella del documento cargado y la compare con la huella registrada, para confirmar si la integridad del documento se mantiene o fue comprometida. | H19: RF-030, RF-031, RF-032, RF-033 | I19: RNF-10, RNF-14 | J19: Debe (Must) | K19: 8 | L19: Sprint 3 | M19: Por hacer | N19: =IF($A19="","",COUNTIF(Criterios_Gherkin!$A$7:$A$206,$A19)) -> 2 | O19: No | P19: Sí | Q19: Sí | R19: Sí | S19: No | T19: Sí | U19: =IF($A19="","",IF(COUNTIF($O19:$T19,"Sí")=6,"Sí","No")) -> No | V19: No | W19: No | X19: No | Y19: No | Z19: No | AA19: =IF($A19="","",IF(COUNTIF($V19:$Z19,"Sí")=5,"Sí","No")) -> No
A20: HU-014 | B20: EP-03 Verificación de integridad documental (Verificador) | C20: Actualización de estado y registro de la verificación | D20: Verificador | E20: que el resultado de la verificación actualice el estado del documento y quede registrado en el ledger | F20: dejar evidencia auditable de cada verificación realizada, con opción de iniciar una nueva | G20: =IF($A20="","","Como "&D20&", quiero "&E20&", para "&F20&".") -> Como Verificador, quiero que el resultado de la verificación actualice el estado del documento y quede registrado en el ledger, para dejar evidencia auditable de cada verificación realizada, con opción de iniciar una nueva. | H20: RF-034, RF-035, RF-036 | I20: RNF-05, RNF-27 | J20: Debe (Must) | K20: 5 | L20: Sprint 3 | M20: Por hacer | N20: =IF($A20="","",COUNTIF(Criterios_Gherkin!$A$7:$A$206,$A20)) -> 2 | O20: No | P20: Sí | Q20: Sí | R20: Sí | S20: Sí | T20: Sí | U20: =IF($A20="","",IF(COUNTIF($O20:$T20,"Sí")=6,"Sí","No")) -> No | V20: No | W20: No | X20: No | Y20: No | Z20: No | AA20: =IF($A20="","",IF(COUNTIF($V20:$Z20,"Sí")=5,"Sí","No")) -> No
A21: HU-015 | B21: EP-03 Verificación de integridad documental (Verificador) | C21: Consulta general de documentos registrados | D21: Verificador | E21: consultar todos los documentos registrados en el sistema | F21: ubicar cualquier documento que deba validar o auditar | G21: =IF($A21="","","Como "&D21&", quiero "&E21&", para "&F21&".") -> Como Verificador, quiero consultar todos los documentos registrados en el sistema, para ubicar cualquier documento que deba validar o auditar. | H21: RF-037, RF-038 | I21: RNF-08 | J21: Debe (Must) | K21: 3 | L21: Sprint 4 | M21: Por hacer | N21: =IF($A21="","",COUNTIF(Criterios_Gherkin!$A$7:$A$206,$A21)) -> 2 | O21: No | P21: Sí | Q21: Sí | R21: Sí | S21: Sí | T21: Sí | U21: =IF($A21="","",IF(COUNTIF($O21:$T21,"Sí")=6,"Sí","No")) -> No | V21: No | W21: No | X21: No | Y21: No | Z21: No | AA21: =IF($A21="","",IF(COUNTIF($V21:$Z21,"Sí")=5,"Sí","No")) -> No
A22: HU-016 | B22: EP-03 Verificación de integridad documental (Verificador) | C22: Consulta general de trazabilidad | D22: Verificador | E22: consultar el historial completo de acciones registradas sobre cualquier documento | F22: auditar el ciclo de vida documental de la organización | G22: =IF($A22="","","Como "&D22&", quiero "&E22&", para "&F22&".") -> Como Verificador, quiero consultar el historial completo de acciones registradas sobre cualquier documento, para auditar el ciclo de vida documental de la organización. | H22: RF-039, RF-040 | I22: RNF-26, RNF-27 | J22: Debe (Must) | K22: 5 | L22: Sprint 4 | M22: Por hacer | N22: =IF($A22="","",COUNTIF(Criterios_Gherkin!$A$7:$A$206,$A22)) -> 2 | O22: No | P22: Sí | Q22: Sí | R22: Sí | S22: Sí | T22: Sí | U22: =IF($A22="","",IF(COUNTIF($O22:$T22,"Sí")=6,"Sí","No")) -> No | V22: No | W22: No | X22: No | Y22: No | Z22: No | AA22: =IF($A22="","",IF(COUNTIF($V22:$Z22,"Sí")=5,"Sí","No")) -> No
A23: HU-017 | B23: EP-04 Administración del sistema | C23: Panel general con resumen documental | D23: Administrador | E23: ver un panel con el número de documentos registrados, verificados, pendientes y alterados | F23: dimensionar rápidamente el estado de la gestión documental | G23: =IF($A23="","","Como "&D23&", quiero "&E23&", para "&F23&".") -> Como Administrador, quiero ver un panel con el número de documentos registrados, verificados, pendientes y alterados, para dimensionar rápidamente el estado de la gestión documental. | H23: RF-041, RF-042 | J23: Debería (Should) | K23: 3 | L23: Sprint 4 | M23: Por hacer | N23: =IF($A23="","",COUNTIF(Criterios_Gherkin!$A$7:$A$206,$A23)) -> 2 | O23: No | P23: Sí | Q23: Sí | R23: Sí | S23: Sí | T23: Sí | U23: =IF($A23="","",IF(COUNTIF($O23:$T23,"Sí")=6,"Sí","No")) -> No | V23: No | W23: No | X23: No | Y23: No | Z23: No | AA23: =IF($A23="","",IF(COUNTIF($V23:$Z23,"Sí")=5,"Sí","No")) -> No
A24: HU-018 | B24: EP-04 Administración del sistema | C24: Gestión del ciclo de vida de usuarios | D24: Administrador | E24: consultar, crear, editar y desactivar usuarios del sistema | F24: mantener actualizado y controlado el acceso de Empleados y Verificadores | G24: =IF($A24="","","Como "&D24&", quiero "&E24&", para "&F24&".") -> Como Administrador, quiero consultar, crear, editar y desactivar usuarios del sistema, para mantener actualizado y controlado el acceso de Empleados y Verificadores. | H24: RF-043, RF-044, RF-045, RF-046, RF-047 | I24: RNF-03 | J24: Debe (Must) | K24: 8 | L24: Sprint 4 | M24: Por hacer | N24: =IF($A24="","",COUNTIF(Criterios_Gherkin!$A$7:$A$206,$A24)) -> 2 | O24: No | P24: Sí | Q24: Sí | R24: Sí | S24: No | T24: Sí | U24: =IF($A24="","",IF(COUNTIF($O24:$T24,"Sí")=6,"Sí","No")) -> No | V24: No | W24: No | X24: No | Y24: No | Z24: No | AA24: =IF($A24="","",IF(COUNTIF($V24:$Z24,"Sí")=5,"Sí","No")) -> No
A25: HU-019 | B25: EP-04 Administración del sistema | C25: Consulta administrativa de documentos | D25: Administrador | E25: consultar todos los documentos registrados en el sistema con sus metadatos y huella | F25: dar soporte y supervisión sobre la gestión documental de la organización | G25: =IF($A25="","","Como "&D25&", quiero "&E25&", para "&F25&".") -> Como Administrador, quiero consultar todos los documentos registrados en el sistema con sus metadatos y huella, para dar soporte y supervisión sobre la gestión documental de la organización. | H25: RF-048, RF-049 | I25: RNF-04, RNF-08 | J25: Debe (Must) | K25: 3 | L25: Sprint 4 | M25: Por hacer | N25: =IF($A25="","",COUNTIF(Criterios_Gherkin!$A$7:$A$206,$A25)) -> 2 | O25: No | P25: Sí | Q25: Sí | R25: Sí | S25: Sí | T25: Sí | U25: =IF($A25="","",IF(COUNTIF($O25:$T25,"Sí")=6,"Sí","No")) -> No | V25: No | W25: No | X25: No | Y25: No | Z25: No | AA25: =IF($A25="","",IF(COUNTIF($V25:$Z25,"Sí")=5,"Sí","No")) -> No
A26: HU-020 | B26: EP-04 Administración del sistema | C26: Consulta administrativa de trazabilidad | D26: Administrador | E26: consultar el registro histórico completo de acciones sobre los documentos | F26: auditar el uso del sistema desde una perspectiva administrativa | G26: =IF($A26="","","Como "&D26&", quiero "&E26&", para "&F26&".") -> Como Administrador, quiero consultar el registro histórico completo de acciones sobre los documentos, para auditar el uso del sistema desde una perspectiva administrativa. | H26: RF-050, RF-051 | I26: RNF-26, RNF-27 | J26: Debe (Must) | K26: 5 | L26: Sprint 4 | M26: Por hacer | N26: =IF($A26="","",COUNTIF(Criterios_Gherkin!$A$7:$A$206,$A26)) -> 2 | O26: No | P26: Sí | Q26: Sí | R26: Sí | S26: Sí | T26: Sí | U26: =IF($A26="","",IF(COUNTIF($O26:$T26,"Sí")=6,"Sí","No")) -> No | V26: No | W26: No | X26: No | Y26: No | Z26: No | AA26: =IF($A26="","",IF(COUNTIF($V26:$Z26,"Sí")=5,"Sí","No")) -> No
A27: HU-021 | B27: EP-05 Infraestructura y despliegue | C27: Despliegue de la red blockchain permisionada y del entorno con Docker | D27: equipo de desarrollo | E27: desplegar la red Hyperledger Fabric, el backend, el frontend y MongoDB mediante Docker Compose | F27: contar con un entorno reproducible donde ejecutar y validar el MVP | G27: =IF($A27="","","Como "&D27&", quiero "&E27&", para "&F27&".") -> Como equipo de desarrollo, quiero desplegar la red Hyperledger Fabric, el backend, el frontend y MongoDB mediante Docker Compose, para contar con un entorno reproducible donde ejecutar y validar el MVP. | I27: RNF-19, RNF-20, RNF-21, RNF-22 | J27: Debe (Must) | K27: 13 | L27: Sprint 0 | M27: Por hacer | N27: =IF($A27="","",COUNTIF(Criterios_Gherkin!$A$7:$A$206,$A27)) -> 2 | O27: Sí | P27: Sí | Q27: Sí | R27: Sí | S27: No | T27: Sí | U27: =IF($A27="","",IF(COUNTIF($O27:$T27,"Sí")=6,"Sí","No")) -> No | V27: No | W27: No | X27: No | Y27: No | Z27: No | AA27: =IF($A27="","",IF(COUNTIF($V27:$Z27,"Sí")=5,"Sí","No")) -> No
G28: =IF($A28="","","Como "&D28&", quiero "&E28&", para "&F28&".") | N28: =IF($A28="","",COUNTIF(Criterios_Gherkin!$A$7:$A$206,$A28)) | U28: =IF($A28="","",IF(COUNTIF($O28:$T28,"Sí")=6,"Sí","No")) | AA28: =IF($A28="","",IF(COUNTIF($V28:$Z28,"Sí")=5,"Sí","No"))
G29: =IF($A29="","","Como "&D29&", quiero "&E29&", para "&F29&".") | N29: =IF($A29="","",COUNTIF(Criterios_Gherkin!$A$7:$A$206,$A29)) | U29: =IF($A29="","",IF(COUNTIF($O29:$T29,"Sí")=6,"Sí","No")) | AA29: =IF($A29="","",IF(COUNTIF($V29:$Z29,"Sí")=5,"Sí","No"))
G30: =IF($A30="","","Como "&D30&", quiero "&E30&", para "&F30&".") | N30: =IF($A30="","",COUNTIF(Criterios_Gherkin!$A$7:$A$206,$A30)) | U30: =IF($A30="","",IF(COUNTIF($O30:$T30,"Sí")=6,"Sí","No")) | AA30: =IF($A30="","",IF(COUNTIF($V30:$Z30,"Sí")=5,"Sí","No"))
G31: =IF($A31="","","Como "&D31&", quiero "&E31&", para "&F31&".") | N31: =IF($A31="","",COUNTIF(Criterios_Gherkin!$A$7:$A$206,$A31)) | U31: =IF($A31="","",IF(COUNTIF($O31:$T31,"Sí")=6,"Sí","No")) | AA31: =IF($A31="","",IF(COUNTIF($V31:$Z31,"Sí")=5,"Sí","No"))
G32: =IF($A32="","","Como "&D32&", quiero "&E32&", para "&F32&".") | N32: =IF($A32="","",COUNTIF(Criterios_Gherkin!$A$7:$A$206,$A32)) | U32: =IF($A32="","",IF(COUNTIF($O32:$T32,"Sí")=6,"Sí","No")) | AA32: =IF($A32="","",IF(COUNTIF($V32:$Z32,"Sí")=5,"Sí","No"))
G33: =IF($A33="","","Como "&D33&", quiero "&E33&", para "&F33&".") | N33: =IF($A33="","",COUNTIF(Criterios_Gherkin!$A$7:$A$206,$A33)) | U33: =IF($A33="","",IF(COUNTIF($O33:$T33,"Sí")=6,"Sí","No")) | AA33: =IF($A33="","",IF(COUNTIF($V33:$Z33,"Sí")=5,"Sí","No"))
G34: =IF($A34="","","Como "&D34&", quiero "&E34&", para "&F34&".") | N34: =IF($A34="","",COUNTIF(Criterios_Gherkin!$A$7:$A$206,$A34)) | U34: =IF($A34="","",IF(COUNTIF($O34:$T34,"Sí")=6,"Sí","No")) | AA34: =IF($A34="","",IF(COUNTIF($V34:$Z34,"Sí")=5,"Sí","No"))
G35: =IF($A35="","","Como "&D35&", quiero "&E35&", para "&F35&".") | N35: =IF($A35="","",COUNTIF(Criterios_Gherkin!$A$7:$A$206,$A35)) | U35: =IF($A35="","",IF(COUNTIF($O35:$T35,"Sí")=6,"Sí","No")) | AA35: =IF($A35="","",IF(COUNTIF($V35:$Z35,"Sí")=5,"Sí","No"))
G36: =IF($A36="","","Como "&D36&", quiero "&E36&", para "&F36&".") | N36: =IF($A36="","",COUNTIF(Criterios_Gherkin!$A$7:$A$206,$A36)) | U36: =IF($A36="","",IF(COUNTIF($O36:$T36,"Sí")=6,"Sí","No")) | AA36: =IF($A36="","",IF(COUNTIF($V36:$Z36,"Sí")=5,"Sí","No"))
G37: =IF($A37="","","Como "&D37&", quiero "&E37&", para "&F37&".") | N37: =IF($A37="","",COUNTIF(Criterios_Gherkin!$A$7:$A$206,$A37)) | U37: =IF($A37="","",IF(COUNTIF($O37:$T37,"Sí")=6,"Sí","No")) | AA37: =IF($A37="","",IF(COUNTIF($V37:$Z37,"Sí")=5,"Sí","No"))
G38: =IF($A38="","","Como "&D38&", quiero "&E38&", para "&F38&".") | N38: =IF($A38="","",COUNTIF(Criterios_Gherkin!$A$7:$A$206,$A38)) | U38: =IF($A38="","",IF(COUNTIF($O38:$T38,"Sí")=6,"Sí","No")) | AA38: =IF($A38="","",IF(COUNTIF($V38:$Z38,"Sí")=5,"Sí","No"))
G39: =IF($A39="","","Como "&D39&", quiero "&E39&", para "&F39&".") | N39: =IF($A39="","",COUNTIF(Criterios_Gherkin!$A$7:$A$206,$A39)) | U39: =IF($A39="","",IF(COUNTIF($O39:$T39,"Sí")=6,"Sí","No")) | AA39: =IF($A39="","",IF(COUNTIF($V39:$Z39,"Sí")=5,"Sí","No"))
... G107: =IF($A107="","","Como "&D107&", quiero "&E107&", para "&F107&".") | N107: =IF($A107="","",COUNTIF(Criterios_Gherkin!$A$7:$A$206,$A107)) | U107: =IF($A107="","",IF(COUNTIF($O107:$T107,"Sí")=6,"Sí","No")) | AA107: =IF($A107="","",IF(COUNTIF($V107:$Z107,"Sí")=5,"Sí","No"))

Sheet Criterios_Gherkin
A1: Escenarios de aceptación en Gherkin
A2: Una fila por escenario. El identificador de la historia enlaza cada escenario con el backlog.
A3: La fila 7 es un ejemplo: sobrescríbela o bórrala antes de entregar. Redacta el resultado esperado en términos observables.
A5: IDENTIFICACIÓN | D5: ESCENARIO | G5: SEGUIMIENTO
A6: ID de la historia | B6: ID del escenario | C6: Tipo de escenario | D6: Dado (contexto inicial) | E6: Cuando (evento) | F6: Entonces (resultado esperado) | G6: Resultado de la verificación
A7: HU-001 | B7: CA-01 | C7: Camino principal | D7: que el usuario está en la pantalla de inicio sin sesión activa | E7: ingresa su correo y contraseña válidos | F7: el sistema solicita el token de segundo factor | G7: Pendiente
A8: HU-001 | B8: CA-02 | C8: Excepción | D8: que el usuario ingresa credenciales inválidas | E8: envía el formulario de autenticación | F8: el sistema muestra un mensaje de error sin indicar cuál dato es incorrecto | G8: Pendiente
A9: HU-002 | B9: CA-01 | C9: Camino principal | D9: que el usuario recibió un token vigente en su correo corporativo | E9: lo ingresa correctamente | F9: el sistema identifica su rol asignado y lo redirige al panel correspondiente | G9: Pendiente
A10: HU-002 | B10: CA-02 | C10: Excepción | D10: que el usuario está inactivo o no tiene un rol válido asignado | E10: el sistema valida el acceso | F10: lo deniega y muestra un mensaje de error | G10: Pendiente
A11: HU-003 | B11: CA-01 | C11: Camino principal | D11: que el usuario tiene una sesión activa | E11: selecciona Cerrar sesión | F11: el sistema invalida el token de sesión y lo redirige a la pantalla de inicio de sesión | G11: Pendiente
A12: HU-003 | B12: CA-02 | C12: Alterno | D12: que el usuario cerró sesión | E12: intenta acceder de nuevo a una funcionalidad protegida sin autenticarse | F12: el sistema lo redirige al inicio de sesión | G12: Pendiente
A13: HU-004 | B13: CA-01 | C13: Camino principal | D13: que el usuario autenticado ingresa su contraseña actual correcta y una nueva contraseña válida | E13: confirma el cambio | F13: el sistema actualiza la contraseña almacenada como hash con sal | G13: Pendiente
A14: HU-004 | B14: CA-02 | C14: Excepción | D14: que la contraseña actual ingresada es incorrecta | E14: se envía el formulario de cambio de contraseña | F14: el sistema rechaza el cambio e informa el error | G14: Pendiente
A15: HU-005 | B15: CA-01 | C15: Camino principal | D15: que el Empleado selecciona un archivo PDF de 10 MB | E15: lo carga en el formulario de registro | F15: el sistema valida formato y tamaño y continúa con el registro | G15: Pendiente
A16: HU-005 | B16: CA-02 | C16: Excepción | D16: que el Empleado selecciona un archivo DOCX o un PDF de 25 MB | E16: intenta cargarlo | F16: el sistema lo rechaza e informa el motivo | G16: Pendiente
A17: HU-006 | B17: CA-01 | C17: Camino principal | D17: un documento que superó las validaciones de carga | E17: el sistema lo registra | F17: genera sus metadatos y calcula su huella SHA-256 de forma automática | G17: Pendiente
... A48: HU-021 | B48: CA-02 | C48: Alterno | D48: que el frontend necesita interactuar con la red blockchain | E48: se revisa el código fuente | F48: ninguna llamada del frontend se dirige directamente a los nodos de Hyperledger Fabric | G48: Pendiente

Sheet Definición_Terminado
A1: Definición de terminado
A2: Acuerdo único del equipo. Cada criterio se convierte en una columna de la hoja Historias_Usuario.
A3: Puedes reescribir los cinco criterios; los encabezados del backlog se actualizan solos.
B4: Criterio de terminado | C4: Evidencia que lo sustenta
B5: Revisión por pares superada e integración en la rama principal del repositorio (GitHub) | C5: Enlace a la solicitud de incorporación (pull request) aprobada en el repositorio del proyecto
B6: Casos del Plan de Pruebas de Software (PPS) asociados a la historia ejecutados con resultado PASS | C6: Reporte de ejecución de la suite de pruebas (PPS) para los casos vinculados a la historia
B7: Requisitos funcionales y no funcionales del SRS actualizados según lo implementado en la historia | C7: Identificadores RF y RNF referenciados en la hoja de trazabilidad (RF y RNF de este libro)
B8: Historia desplegada y verificada en el entorno de prueba (Docker Compose / máquina virtual de Azure) | C8: Número de versión de la imagen y fecha del despliegue en el entorno de prueba
B9: Aceptación registrada por el director o la codirectora del proyecto | C9: Acta o registro de la sesión de revisión con el director o la codirectora

Sheet Listas
A1: Catálogos de valores
A2: Alimentan las listas desplegables de las hojas de captura.
A3: Para ampliar un catálogo escribe dentro del rango existente; si agregas filas al final, actualiza el nombre definido.
A6: Subcaracterística ISO/IEC 25010:2023 | B6: Característica ISO/IEC 25010:2023 | D6: Prioridad (MoSCoW) | E6: Importancia | F6: Estado del requisito | G6: Método de verificación | H6: Confirmación | I6: Puntos de historia | J6: Tipo de escenario | K6: Resultado de la verificación | L6: Estado de la historia
A7: Completitud funcional | B7: Adecuación funcional | D7: Debe (Must) | E7: Alta | F7: Propuesto | G7: Inspección | H7: Sí | I7: 1 | J7: Camino principal | K7: Pendiente | L7: Por hacer
A8: Corrección funcional | B8: Adecuación funcional | D8: Debería (Should) | E8: Media | F8: Aprobado | G8: Análisis | H8: No | I8: 2 | J8: Alterno | K8: Aprobado | L8: En curso
A9: Pertinencia funcional | B9: Adecuación funcional | D9: Podría (Could) | E9: Baja | F9: Implementado | G9: Demostración | I9: 3 | J9: Excepción | K9: Fallido | L9: En verificación
A10: Comportamiento temporal | B10: Eficiencia de desempeño | D10: No por ahora (Won't) | F10: Verificado | G10: Prueba | I10: 5 | L10: Terminada
A11: Utilización de recursos | B11: Eficiencia de desempeño | F11: Rechazado | I11: 8
A12: Capacidad | B12: Eficiencia de desempeño | I12: 13
A13: Coexistencia | B13: Compatibilidad | I13: 21
A14: Interoperabilidad | B14: Compatibilidad
A15: Reconocibilidad de la adecuación | B15: Capacidad de interacción
A16: Aprendizabilidad | B16: Capacidad de interacción
A17: Operabilidad | B17: Capacidad de interacción
A18: Protección frente a errores de usuario | B18: Capacidad de interacción
A19: Compromiso del usuario | B19: Capacidad de interacción
A20: Inclusividad | B20: Capacidad de interacción
A21: Asistencia al usuario | B21: Capacidad de interacción
A22: Autodescripción | B22: Capacidad de interacción
A23: Ausencia de fallos | B23: Fiabilidad
A24: Disponibilidad | B24: Fiabilidad
A25: Tolerancia a fallos | B25: Fiabilidad
... A46: Integración segura | B46: Seguridad física (safety)

Sheet Referencias_Adicionales
A1: Referencias adicionales (formato IEEE)
A2: Fuentes utilizadas para elaborar esta plantilla de requisitos que NO forman parte de la bibliografía del trabajo de grado. Las referencias que sí provienen del proyecto se citan dentro de cada requisito con el número correspondiente a la numeración vigente del documento final (por ejemplo, [23] para ISO/IEC 27001:2022, [10] para la Ley 527 de 1999, [9] para la Ley 1581 de 2012, [19] para la documentación de Hyperledger Fabric, [31] para la guía del MinTIC, [34] para NIST FIPS 202/SHA-256, [36] para el Decreto 2364 de 2012, [22] para ISO 15489-1:2016, [30] para Mier Bello et al., [7] para la Sentencia SP248-2025 de la Corte Suprema de Justicia y [8] para la Circular Externa 005 de 2017 de la Superintendencia de Industria y Comercio).
A4: N.° | B4: Referencia en formato IEEE | C4: Uso dentro de este libro
A5: N-1 | B5: International Organization for Standardization, ISO/IEC/IEEE 29148:2018 — Systems and software engineering — Life cycle processes — Requirements engineering, Geneva, Switzerland: ISO/IEC/IEEE, 2018. | C5: Estructura y criterios de calidad (necesario, no ambiguo, verificable, etc.) usados para especificar y revisar cada requisito funcional y no funcional en las hojas RF y RNF.
A6: N-2 | B6: International Organization for Standardization, ISO/IEC 25010:2023 — Systems and software engineering — Systems and software Quality Requirements and Evaluation (SQuaRE) — Product quality model, Geneva, Switzerland: ISO, 2023. | C6: Modelo de características y subcaracterísticas de calidad utilizado para clasificar cada requisito no funcional en la hoja RNF (columnas Característica y Subcaracterística).
